UA,品牌,型号
N5117,OPPO,N1 mini
NX601J,努比亚,X6
Redmi Note 7,小米,红米Note 7
OPPO R11,OPPO,R11
OPPO R9tm,OPPO,R9tm
vivo X21A,vivo,X21A
R7Plus,OPPO,R7 Plus
OPPO R11s,OPPO,R11s
BLA-AL00,华为,Mate10 Pro
Mi Note 3,小米,Note 3
FIG-AL10,华为,畅享7S
HUAWEI MLA-AL10,华为,麦芒5
VKY-AL00,华为,P10 Plus
DUK-AL20,华为,荣耀V9
COR-AL10,华为,荣耀Play
OPPO A37m,OPPO,A37m
OPPO A83,OPPO,A83
PRA-AL00,华为,荣耀8青春版
MYA-TL10,华为,荣耀畅玩6
PBEM00,OPPO,R17
OPPO R9sk,OPPO,R9sk
M5s,魅族,M5s
EVA-TL00,华为,P9
vivo Y85A,vivo,Y85A
OPPO A59s,OPPO,A59s
vivo Y71A,vivo,Y71A
vivo X20A,vivo,X20A
PADT00,OPPO,A3
vivo X6A,vivo,X6A
STF-AL10,华为,荣耀9
COR-TL10,华为,荣耀Play
OPPO R9m,OPPO,R9m
NX563J,努比亚,Z17
BLN-AL10,华为,荣耀畅玩6X
ONEPLUS A3000,一加,3
Le X620,乐视,2
HUAWEI CAZ-AL10,华为,nova
EML-AL00,华为,P20
V1818A,vivo,Y93
SM-A3009,三星,A3
PBET00,OPPO,R17
SKR-A0,小米,黑鲨游戏手机
vivo Y85,vivo,Y85
HWI-AL00,华为,nova 2s
M2,,
ivvi F1S,ivvi F1S,ivvi F1S
PBCM10,OPPO,15X
EVA-AL10,华为,P9
vivo Y79,vivo,Y79
m3 note,魅族,魅蓝3
PACM00,OPPO,R15
Redmi Note 4X,小米,红米Note 4X
A31,OPPO,A31
INE-AL00,华为,nova 3i
T03,长虹,T03
KOPO L7,酷珀,L7
Hisense F20T,海信,F20T
RNE-AL00,华为,麦芒6
vivo Y23L,vivo,Y23L
Coolpad B770,酷派,B700
vivo Y66L,vivo,Y66L
OPPO A37t,OPPO,A37t
OPPO A73,OPPO,A73
ZTE BV0720,中兴,Blade A2
M681C,魅族,note 3
Le X820,乐视,Max 2
vivo Y37,vivo,Y37
ONEPLUS A5010,一加,5T
V1732T,vivo,Y18s
UNNO E3,UNNO,E3
PRA-AL00X,华为,荣耀8青春版
OPPO R11 Plus,OPPO,R11 Plus
S03,长虹,S03
vivo X6Plus A,vivo,X6Plus A
T1-823L,华为,荣耀平板LTEban
vivo X7Plus,vivo,X7Plus
vivo Y79A,vivo,Y79A
OD105,锤子,坚果Pro
BLN-AL30,华为,荣耀畅玩6X
vivo NEX A,vivo,NEX A
TRT-AL00,华为,畅享7 Plus
OD103,锤子,坚果Pro
MI 8,小米,8
BLN-TL10,华为,畅玩6X
vivo X9s,vivo,X9s
vivo X21UD A,vivo,X21UD A
Redmi Note 5A,小米,红米Note 5A
DIG-AL00,华为,畅享6S
EYU T5S,亿优,T5S
vivo Y71,vivo,Y71
vivo Y55A,vivo,Y55A
vivo Y55,vivo,Y55
PIC-AL00,华为,nova 2
BAC-AL00,华为,nova 2 Plus
OPPO A79,OPPO,A79
TRT-TL10A,华为,畅享7 Plus
vivo X9s Plus,vivo,X9s Plus
JSN-AL00,华为,荣耀8X
VTR-AL00,华为,P10
vivo X6S A,vivo,X6S A
Redmi 5 Plus,小米,红米5 Plus
SM-G9500,三星,S8
SNE-AL00,华为,麦芒7
Coolpad 8690_T00,酷派,大神X7
OPPO A83t,OPPO,A83t
LON-AL00,华为,Mate9 Pro
AUM-AL00,华为,荣耀畅玩7A
Redmi 6 Pro,小米,红米6 Pro
vivo X9,vivo,X9
M836,中国移动,N2
vivo X20Plus A,vivo,X20Plus A
V1818CA,vivo,Y93s
LND-AL30,华为,荣耀畅玩7C
vivo X9s L,vivo,X9s L
ZTE BA601N,中兴,Blade A601
MIX 2S,小米,MIX 2s
OPPO R9s Plus,OPPO,R9s Plus
vivo Xplay5A,vivo,Xplay5A
vivo Y51A,vivo,Y51A
EYU T7,亿优,T7
SM-T355C,三星,GALAXY Tab A 8.0
vivo Y75,vivo,Y75
SM-A5009,三星,GALAXY A5
vivo Y75A,vivo,Y75A
V1809T,vivo,X23
Coolpad Y803-9,酷派,Y803-9
MI 8 SE,小米,8 SE
EDI-AL10,华为,荣耀Note 8
G0215D,格力,董小姐手机2
HUAWEI TIT-CL10,华为,畅享5
ATU-AL10,华为,畅享8e
PAR-AL00,华为,nova 3
GN8003,金立,M6
PBBM00,OPPO,A7x
M1813,魅族,V8
M5,魅族,魅蓝5
V1809A,vivo,X23
OPPO A57t,OPPO,A57t
vivo Y67L,vivo,Y67L
OPPO R11s Plus,OPPO,R11s Plus
MI 5X,小米,5X
1501-A02,360,F4
V1816A,vivo,X23
SM-G9350,三星,S7
OPPO R7sPlus,OPPO,R7s Plus
DUB-AL00,华为,畅享9
OPPO A59m,OPPO,A59m
Nokia X5,诺基亚,X5
RVL-AL09,华为,荣耀Note 10
MI 6,小米,6
vivo Y66,vivo,Y66
OPPO R9s,OPPO,R9s
Redmi 4A,小米,红米4A
vivo Z1,vivo,Z1
MIX 2,小米,MIX 2
M623C,中国移动,A1
PBAM00,OPPO,A5
Redmi 4,小米,红米4
SCL-TL00,华为,荣耀4A
SM-C7000,三星,GALAXY C700
MI 5s Plus,小米,5S Plus
CUN-AL00,华为,荣耀畅玩5
HUAWEI TAG-AL00,华为,畅享5s
OPPO R7s,OPPO,R7s
V1732A,vivo,Y81s
vivo X9i,vivo,X9i
ANE-AL00,华为,nova 3e
PBCM30,OPPO,K1
OPPO R9t,OPPO,R9t
LYA-AL00,华为,Mate 20 Pro
V1813A,vivo,Y97
SM-G9650,三星,GALAXY S9
vivo X9L,vivo,X9L
LDN-AL00,华为,畅享8
vivo X5S L,vivo,X5S L
SUGAR S,SUGAR,S
OPPO R7sm,OPPO,R7sm
M1 E,魅族,魅蓝E
PBFM00,OPPO,A7
Le X528,乐视,2
GN9010L,金立,GN9010L
Coolpad A8-930,酷派,峰尚Max
Le X621,乐视,2
vivo X9Plus,vivo,X9Plus
MHA-AL00,,
OPPO R11t,OPPO,R11t
vivo Y51,vivo,Y51
OPPO R11 Pluskt,OPPO,R11 Pluskt
SM-T713,三星,GALAXY Tab S2 8.0
CHM-UL00,,
COL-AL10,,
vivo Y55L,vivo,Y55L
OPPO A73t,OPPO,A73t
PCT-AL10,,
WP,,
BF T19,,
vivo Y83A,vivo,Y83A
vivo Y31A,vivo,Y31A
OPPO A57,OPPO,A57
SM-G7106,三星,GALAXY Grand 2
MI 5,小米,5
ChanghongS10,,
vivo Y67A,vivo,Y67A
x600,,
OPPO R7,OPPO,R7
KIW-AL10,,
R7Plusm,,
BLN-AL20,,
vivo X20,vivo,X20
TCL P590L,,
STF-AL00,,
OPPO R11st,OPPO,R11st
MI MAX,小米,MAX
PAAM00,,
OPPO A59st,OPPO,A59st
HUAWEI TIT-AL00,,
MIX 3,,
LYA-L29,,
LDN-AL20,,
KINGSUN-F3C,,
TRT-AL00A,,
HRY-AL00a,,
vivo X7,vivo,X7
vivo V3Max A,vivo,V3Max A
HTC U-3w,,
Redmi 4X,小米,红米4X
SM-T555C,三星,GALAXY Tab A 9.7
ALP-AL00,,
M654,,
OPPO A77t,OPPO,A77t
vivo Y83,vivo,Y83
1603-A03,,
OPPO R9st,OPPO,R9st
Coolpad 8675,酷派,大神F2
VTR-TL00,,
ONEPLUS A3010,一加,3T
Redmi Note 2,小米,红米Note 2
MI 6X,小米,6X
V1818CT,,
KNT-UL10,,
vivo Y13,vivo,Y13
OPPO R9 Plustm A,OPPO,R9 Plustm A
LND-AL40,,
XT1662,,
H5,,
vivo X710L,vivo,X710L
vivo Z1i,vivo,Z1i
Mi-4c,小米,4C
vivo Y15T,vivo,Y15T
V1731CA,,
OPPO R11s Plust,OPPO,R11s Plust
CHM-CL00,,
SM-J7109,三星,GALAXY J7
vivo Y66i A,vivo,Y66i A
G33,,
NEM-AL10,,
vivo X6D,vivo,X6D
Coolpad T2-00,酷派,峰尚Pro
PAAT00,,
BND-AL10,,
vivo Y67,vivo,Y67
V1730EA,,
HRY-AL00,,
HWI-TL00,,
GO C1,,
vivo V3L,vivo,V3L
Coolpad T2-C01,酷派,峰尚Pro
OPPO R9km,OPPO,R9km
MI 9,小米,9
MI 9 SE,小米,9 SE
M6 Note,,
GIONEE GN5007L,,
OPPO R11 Plusk,OPPO,R11 Plusk
CHE-TL00H,,
SM-G9600,三星,GALAXY S9
P98h(B4C7),,
MP1701,,
CLT-AL00,,
CLT-AL01,,
UOOGOU,,
Mi Note 2,小米,Note 2
OPPO A77,OPPO,A77
Letv X501,乐视,1S
A51,,
FLA-AL10,,
Redmi Note 3,小米,红米Note 3
ONEPLUS A6010,一加,6T
Redmi Note 5,小米,红米Note 5
V1816T,,
M3 Max,,
MP1602,,
BLN-AL40,,
TETC-H1,,
V1829A,,
TA-1000,,
GIONEE GN5007,,
vivo X9Plus L,vivo,X9Plus L
Letv X500,乐视,1S
HUAWEI CRR-UL00,,
KIW-TL00,,
Redmi 6,小米,红米6
OPPO A53,OPPO,A53
PADM00,,
FDR-A03L,,
HUAWEI TIT-TL00,,
OS105,,
GN9010,,
MI MAX 2,小米,MAX 2
V1818T,,
OPPO A33,OPPO,A33
Redmi 5,小米,红米5
LLD-AL30,,
MB200,,
NCE-AL10,,
HUAWEI M2-803L,,
vivo X5Pro D,vivo,X5Pro D
FRD-AL00,,
EYU T5,亿优,T5
BAC-TL00,,
NX549J,,
TNY-AL00,,
V1814A,,
M621C,,
Hisense E20T,,
PBBT30,,
PBAT00,,
Redmi Note 4,小米,红米Note 4
Philips_V787,,
HMA-AL00,,
PAFM00,,
FLA-TL10,,
BKL-AL00,,
HUAWEI NXT-AL10,,
HUAWEI MT7-TL00,,
ME525 ,,
vivo X6Plus D,vivo,X6Plus D
OPPO R9 Plusm A,OPPO,R9 Plusm A
MP1603,,
MX4,,
SOP-S9,,
GN3003,,
LLD-AL00,,
S9,,
M850A,,
vivo Y53L,vivo,Y53L
DOOV L9,,
MI PLAY,小米,PLAY
HUAWEI VNS-AL00,,
SLA-AL00,,
EYU T3,亿优,T3
GO N2,,
GIONEE S10,,
PRO 6s,,
OPPO A79k,OPPO,A79k
NCE-AL00,,
ChanghongS08,,
vivo X3L,vivo,X3L
ALE-TL00,,
SM-G6100,三星,GALAXY On7
DUA-AL00,,
MYA-AL10,,
JKM-AL00b,,
PBBT00,,
CK3-01,,
1713-A01,,
SLA-TL10,,
Coolpad Y72-921,酷派,峰尚mini
BND-TL10,,
vivo Y27,vivo,Y27
BKL-AL20,,
vivo V3M A,vivo,V3M A
JKM-AL00,,
vivo Xplay6,vivo,Xplay6
GO M4,,
2014813,,
V1813BA,,
lephone T708V,,
PE-TL10,,
SM-A3000,三星,GALAXY A3
Lenovo A3690,,
SM-G9550,三星,GALAXY S8 Plus
GIONEE M7L,,
HM NOTE 1LTE,,
Bambook S1,,
PACT00,,
M2 E,,
Get,,
SM-N7508V,三星,GALAXY Note 3 Lite
vivo X21,vivo,X21
Redmi 3S,小米,红米3S
SUGAR C-88Dual,SUGAR,C88 Dual
3007,,
Lezhou LZ6,,
BM006,,
MI 4W,小米,4W
GT-I9082C,,
OE106,,
R2,,
SAMSUNG-SM-G925A,三星,GALAXY S6 Edge
V5 PRO,,
R11 Plus,,
ASUS_X008,,
ARS-AL00,,
GN3001,,
EVA-AL00,,
ARE-AL00,,
SM-J3109,三星,GALAXY J3
V9,,
CAM-TL00H,,
PBCT10,,
DOOV A5,,
AR9,,
TCL-550,,
KNT-AL10,,
vivo X21UD,vivo,X21UD
6045O,,
S16,,
LEX622,,
LLD-AL20,,
SM-C5010,三星,GALAXY C5 Pro
ONEPLUS A6000,一加,6
H60-L02,,
DOOV M2,,
JSN-AL00a,,
MI 5C,小米,5C
Redmi 3,小米,红米3
MI 5s,小米,5S
SM-N910P,三星,美版Note 4
vivo Xplay3S,vivo,Xplay3S
lephone W9,,
MI NOTE LTE,小米,Note LTE
ZTE Q529C,,
LLD-AL10,,
OPSSON_V6,,
C6903,,
GIONEE M7,,
vivo X21i,vivo,X21i
MI 4LTE,小米,4LTE
XIAOXYE P7,,
L36h,,
HTC D826w,,
MI 8 Lite,小米,8 Lite
V1838A,,
2014811,,
16 X,,
FRD-AL10,,
Hol-T00,,
PBBM30,,
Bird M6,,
VIE-AL10,,
WAS-AL00,,
M5 Note,,
ATU-L31,,
SM-N9006,三星,GALAXY Note 3
JMM-AL10,,
Lenovo K30-T,,
FRD-L09,,
Redmi Note 7 Pro,小米,红米Note 7 Pro
SM-C5000,三星,GALAXY C5
R7c,,
DOOV V3,,
WAS-TL10,,
HTC_E9pw,,
vivo Y35,vivo,Y35
vivo X20Plus UD,vivo,X20Plus UD
HLTE212T,,
vivo Y31,vivo,Y31
HUAWEI MT7-TL10,,
HUAWEI NXT-TL00,,
F100L,,
MX6,,
M18,,
COMIO M7000+,,
Y7,,
COR-AL00,,
NX575J,,
X900,,
X9007,,
CAM-AL00,,
BTV-W09,,
DOOV S3,,
MX4 Pro,,
SM-T819C,三星,GALAXY Tab S2 9.7
X20,,
vivo Y33,vivo,Y33
SM-G9200,三星,GALAXY S6
N970,,
GIONEE S10L,,
GIONEE S10CL,,
SM-G9008V,三星,GALAXY S5
OPPO A79kt,OPPO,A79kt
hi6210sft,,
CHM-TL00H,,
LEX626,,
AUM-AL20,,
KIW-CL00,,
GIONEE S10C,,
Coolpad 8675-FHD,酷派,大神F2
Nexus S,,
HTC M8w,,
FIG-TL10,,
BND-AL00,,
Coolpad Y71-511,酷派,峰尚Air
vivo V3,vivo,V3
EVR-AL00,,
Kumai 921,,
OC105,,
F5,,
OPPO A79t,OPPO,A79t
OPPO R9skt,OPPO,R9skt
Laaboo V6,,
KINGSUN-F4,,
PAR-TL00,,
CAM-TL00,,
Nexus 5,,
NX523J_V1,,
SM-G5108Q,三星,GALAXY Core Max
1607-A01,,
m2 note,,
S8-701w,,
ALE-UL00,,
DLI-AL10,,
TETC-V1,,
M3s,,
C105-6,,
SM-C7100,三星,GALAXY C8
V1813BT,,
PRA-TL10,,
ZJ108-R9S,,
N5209,,
GEM-703L,,
Coolpad Y91-921,酷派,峰尚Pro2
lephone V5,,
F100,,
JAT-AL00,,
vivo X20Plus,vivo,X20Plus
BM008,,
VCE-AL00,,
m1 metal,,
JXD,,
GN8002S,,
S200,,
KING 7S,,
vivo X21i A,vivo,X21i A
ALP-TL00,,
SM-G9300,三星,GALAXY S7
GT-I9308I,,
N5207,,
Lenovo S899t,,
SM-G6000,三星,GALAXY On7
vivo X6SPlus D,vivo,X6SPlus D
vivo X9s Plus L,vivo,X9s Plus L
JKM-TL00,,
G102,,
OPPO A33m,OPPO,A33m
GM-Q7+,,
V1821A,,
vivo Y66i,vivo,Y66i
ANE-TL00,,
PBFT00,,
L826,,
INE-TL00,,
GN3003L,,
TRT-TL10,,
SM-A8000,三星,GALAXY A8
vivo NEX S,vivo,NEX S
BKL-TL10,,
Redmi 6A,小米,红米6A
HM NOTE 1S,,
ARE-AL10,,
HUAWEI RIO-AL00,,
X800,,
H60-L01,,
SM-C9000,三星,GALAXY C9 Pro
GN152,,
NEO-AL00,,
msm8952,,
DIG-TL10,,
Coolpad 5380CA,酷派,5380CA
HUAWEI P8max,,
SM-T805C,三星,GALAXY Tab S 10.5
BLA-TL00,,
Le X520,乐视,2
NX573J,,
H30-U10,,
M653,,
C107-9,,
AGS2-W09HN,,
HUAWEI B199,,
HM 1SW,,
Meizu S6,,
U20,,
7S,,
SM-N9500,三星,GALAXY Note 8
M2018,,
vivo Xplay6L,vivo,Xplay6L
CT01,,
JMM-AL00,,
4G,,
vivo X6SPlus,vivo,X6SPlus
vivo Y28L,vivo,Y28L
GIONEE F6,,
PE-CL00,,
ZTE BA611T,,
vivo X6L,vivo,X6L
MI NOTE Pro,小米,Note Pro
BKK-AL00,,
TA-1041,,
lephone F1,,
CM CM7S,,
SK-16,,
Readboy_G35S,,
T5,,
SHV-E330S,,
LDN-TL20,,
G666,,
NX595J,,
8681-M02,,
G8342,,
OPPO A30,OPPO,A30
KNT-AL20,,
E6853,,
ATU-TL10,,
NCE-TL10,,
Coolpad 8722V,酷派,8722V
F103S,,
ATH-AL00,,
R11 DIM,,
Lenovo TB-8703N,,
AC822X,,
SM-A7009,三星,GALAXY A7
SCH-I959,,
HUAWEI GRA-UL10,,
Vodafone Smart Tab 4,,
SM-J5108,三星,GALAXY J5
NTS-AL00,,
E6683,,
ASUS_Z00ADB,,
V1813T,,
Che1-CL20,,
MAR-TL00,,
H60-L11,,
EML-TL00,,
GIONEE F109L,,
M685U,,
SM-G9092,三星,大器3
SM-G9280,三星,GALAXY S6 Edge+
N808,,
F8132,,
HUAWEI P7-L00,,
vivo X7L,vivo,X7L
Lenovo L78011,,
ivvi SK5,,
SM-W2016,三星,GALAXY Golden 3
WAS-L03T,,
moto g(6),,
HUAWEI TAG-TL00,,
GN9006,,
ZUK Z2121,,
SM-G925P,三星,GALAXY S6 Edge
Redmi S2,小米,红米S2
PE-TL20,,
1807-A01,,
ChanghongS06,,
MP1503,,
CAM-UL00,,
vivo Y53,vivo,Y53
16th,,
SM-G9008W,三星,GALAXY S5
Lenovo A3890,,
NX531J,,
Lenovo A938t,,
CK2-01,,
GIONEE S10BL,,
SM-J3119,三星,GALAXY J3 Pro
OPPO A53m,OPPO,A53m
HUAWEI RIO-UL00,,
NX569H,,
vivo Y51e,vivo,Y51e
SM-A7100,三星,GALAXY A7
CUN-TL00,,
JMM-TL10,,
HMA,,
ZTE A2015,,
Lenovo K32c36,,
SM-G5308W,三星,GALAXY Grand Prime
Che2-TL00M,,
vivo X6Plus L,vivo,X6Plus L
HLTE500T,,
KIW-UL00,,
1707-A01,,
Meizu 6T,,
HUAWEI CAZ-TL10,,
ivvi F2-T,,
VKY-L29,,
Coolpad 7722,酷派,7722
PIC-TL00,,
SM-G5520,三星,GALAXY On5
T1,,
ZTE A0616,,
Coolpad 5360,酷派,5360
M652,,
GT-I9205,,
A31c,,
XT1925-10,,
S_4G02,,
T355c,,
X5,,
HW-V9,,
NEM-TL00,,
GN5003,,
HUAWEI GRA-TL00,,
Bestsonny_LT989,,
PAFT00,,
PLK-AL10,,
Coolpad 5370,酷派,5370
SM-J5008,三星,GALAXY J5
MI 2,小米,2
GN5002,,
GN9012,,
X1,,
vivo Y37A,vivo,Y37A
H30-C00,,
GN8001,,
KONKA D557,,
LA-X7,,
Lenovo K520,,
K-Touch M3s Plus,,
NX513H,,
Hisense F22,,
H3000,,
NX619J,,
SM-P601,三星,GALAXY Note10.1 2014 Edition 3G版
PE-TL00M,,
R8,,
HLTE510M,,
lephone T5V,,
8692-A00,,
Coolpad Y75,酷派,Y75
F106,,
DS-6202HL,,
koobee H9,,
vivo Y35A,vivo,Y35A
SM-J3110,三星,GALAXY J3 Pro
SM-A6050,三星,GALAXY A9 Star Lite
YTONE_V2,,
NX529J,,
15,,
C106-7,,
1603-A02,,
DRA-AL00,,
M1822,,
FLA-AL20,,
GN8003L,,
NX510J,,
SM801,,
SCL-AL00,,
FRD-DL00,,
NEM-TL00H,,
AE G11,,
MLLED L9,,
Che2-UL00,,
vivo X5M,vivo,X5M
C106-9,,
SM-G8870,三星,GALAXY A8s
JDN-AL00,,
HUAGAN HT8,,
ARS-TL00,,
sdm660,,
LEX720,,
Angelcare-F5,,
vivo Y75s,vivo,Y75s
R7Plust,,
SOP-M9,,
HTC D820u,,
FIG-AL00,,
LON-AL00-PD,,
M A5,,
HUAWEI C8816,,
R5,,
8298-A01,,
Haier HL-6388T,,
M821,,
GT-I9128,,
SM-A7000,三星,GALAXY A7
GT-I9158,,
2014011,,
GO C3,,
Che2-TL00,,
SM-A9100,三星,GALAXY A9
OPPO R7t,OPPO,R7t
S11 Plus,,
M651CY,,
G19,,
lephone W7 ,,
AGS-L09,,
GN5001S,,
SM-G5500,三星,GALAXY On5
vivo Y13L,vivo,Y13L
1605-A01,,
MI 8 UD,小米,8 UD
TCL P316L,,
ivvi i3-01,,
D6503,,
vivo X5Max+,vivo,X5Max+
C106,,
8681-A01,,
HUAWEI SC-UL10,,
Redmi 5A,小米,红米5A
vivo Xplay5S,vivo,Xplay5S
XT1650-05,,
BKK-TL00,,
R2017,,
R8107,,
HUAWEI G750-T20,,
Coolpad Y803-8,酷派,峰尚3
vivo Y51t L,vivo,Y51t L
GT-N5100,,
R7t,,
ZTE C880D,,
M15,,
BKK-AL10,,
vivo Y13iL,vivo,Y13iL
m1 note,,
JKM-AL00a,,
Coolpad 5270,酷派,5270
vivo X5Pro L,vivo,X5Pro D
KOPO L9,,
GT-I9500,,
Best sonny LT580,,
SM-A5100,三星,GALAXY A5
MHA-TL00,,
1801-A01,,
deeg1,,
BLA-L29,,
PRO 7-S,,
vivo X5Max S,vivo,X5Max S
XT1924-9,,
SM-E7009,三星,GALAXY E7
BF R6,,
AOLE A11,,
Q9,,
GN5005L,,
HM 1S,,
HUAWEI CAZ-TL20,,
HTC D816t,,
GIONEE F205L,,
V1814T,,
HUAWEI P7-L07,,
Haipainoble S3,,
vivo Y937,vivo,Y937
BF_T18,,
ChanghongC08,,
V1829T,,
ZUK Z2131,,
U5483,,
SK1-02,,
Lenovo A3000-H,,
Le X625,乐视,2 Pro
VOG-AL00,,
PRO 5,,
PLK-CL00,,
SM-G9250,三星,GALAXY S6 Edge
X608,,
LND-TL40,,
DLI-TL20,,
ONEPLUS A5000,一加,5
SM-G9508,三星,GALAXY S8
SM-G9208,三星,GALAXY S6
M578CA,,
KONKA S1,,
PRO 6,,
KONKA 509,,
X9009,,
HTC 8088,,
HUAWEI MLA-AL00,,
20170605Q,,
HM 2A,,
A51kc,,
SM-G7200,三星,GALAXY Grand Max
S2,,
SM-N9600,三星,GALAXY Note 9
LLD-TL10,,
Redmi Pro,小米,红米Pro
ZTE BA611C,,
GT-I9152,,
Letv X502,乐视,1S
SM-A5000,三星,GALAXY A5
Nokia X6,诺基亚,X6
Lenovo K10e70,,
vivo Y69A,vivo,Y69A
S107H,,
SM-A9000,三星,GALAXY A9
KIW-TL00H,,
Readboy_G600,,
T60,,
1505-A01,,
NX589J,,
Coolpad 9190L,酷派,S6
GN9008,,
S8-701u,,
MIX,,
JSN-TL00,,
HUAWEI G628-TL00,,
GN5005,,
MP1512,,
ZTE BA610C,,
LingWin 9 (X),,
ZTE BA603,,
S3,,
MI 3,小米,3
Coolpad 8718,酷派,8718
SCL-CL00,,
LG-H778,,
JKOPO F1,,
F100SL,,
SCL-TL00H,,
HLTE300T,,
YQ605,,
F105,,
KONKA 510,,
Nexus 6,,
6607,,
HTC D826d,,
ZTE BA520,,
SM-C7010,三星,GALAXY C7 Pro
HUAWEI ALE-CL00,,
4G Volte,,
HM-I502-FL,,
CM CM5S,,
SM-T807P,三星,GALAXY Tab S 10.5
LEX651,,
JDN2-AL00,,
EPHONE7,,
GO N20,,
koobee M6,,
NOAIN X17C,,
ASUS_Z010DA,,
M3,,
HUAWEI MT1-T00,,
OKP2,,
LYA-AL10,,
SM-G925V,三星,GALAXY S6 Edge
G620-L75,,
ZTE C2017,,
LEX850,,
ZUK Z2151,,
R8207,,
7070Q,,
Lenovo K52e78,,
Lenovo A916,,
Coolpad 8737A,酷派,8737A
SM-N9008V,三星,GALAXY Note 3
Hisense M30T,,
OPPO R7st,OPPO,R7st
Hisense E70-T,,
SM-J7108,三星,GALAXY J7
P2,,
Coolpad Y891,酷派,峰尚Pro2
lephone T13,,
2014501,,
HMA-TL00,,
OPSSON-Q3,,
HUAWEI MLA-TL10,,
lephone T7,,
ZTE BV0730,,
HUAWEI P6-U06,,
EVA-DL00,,
GM-T5,,
L2,,
HUAWEI MT2-L05,,
HUAWEI MT7-CL00,,
SM-N910V,三星,GALAXY Note 4
NX512J,,
OPPO R9s Plust,OPPO,R9s Plust
vivo Y53n,vivo,Y53n
HUAWEI G730-L075,,
HTC M8Sw,,
HUAWEI Y320-T00,,
vivo Y623,vivo,Y623
Coolpad 8297W,酷派,大神F1
PCT-TL10,,
H100,,
DUA-TL00,,
vivo NEX,vivo,NEX
Meitu V4,,
1503-A01,,
ZTE STAR,,
koobee S12,,
ASUS_X008DB,,
Coolpad Y82-820,酷派,峰尚2
G8142,,
SS2-01,,
GN8002,,
G818,,
SM-N9200,三星,GALAXY Note 5
XT1581,,
A7,,
Coolpad A8-831,酷派,峰尚Max
SM-W2018,三星,W2018
C1530L,,
Coolpad 7061,酷派,7061
M6,,
GN9011,,
DUB-TL00,,
K-Touch X11,,
GIONEE S11,,
PBDM00,,
AGS2-AL00HN,,
MTS-T0,,
OWWO 5S,,
LGTD-X3L,,
Coolpad 8297,酷派,大神F1
K-Touch H2,,
Lenovo A3910e70,,
DOOV V11,,
ZTE B2015,,
2014812,,
MAR-AL00,,
KT-101-D(KT108),,
SINTAVE S1 PLUS,,
Redmi 7,小米,红米7
MP1801,,
HUAWEI VNS-TL00,,
ZTE A2017,,
SM-G9730,三星,GALAXY S10
S01,,
SM-G3608,三星,GALAXY Core Prime
M3X,,
MLLED N9,,
GIONEE GN5006,,
SM-N9100,三星,GALAXY Note 4
HUAWEI GRA-UL00,,
SM-N9008S,三星,GALAXY Note 3
GN5001,,
MP1605,,
PRO 6 Plus,,
MI PAD 4,小米,PAD 4
C106-8,,
GM-T5+,,
HUAWEI C8818,,
MEIZU E3,,
HLTEM800,,
DOOV L1,,
LDN-AL10,,
CHM-TL00,,
ASUS_T00J,,
DE106,,
PAHM00,,
20150818,,
PRO 7-H,,
Lenovo A5860,,
SM-A5108,三星,GALAXY A5
MAX3(R17),,
SM-G935F,三星,GALAXY S7 Edge
vivo Y923,vivo,Y923
8676-M01,,
Lenovo A2580,,
X800+,,
BTV-DL09,,
Coolpad 8675-A,酷派,大神F2
InFocus S1,,
LYA-AL00P,,
SM-G8850,三星,GALAXY A9 Star
Lenovo A808t,,
SM-G7508Q,三星,GALAXY Mega 2
HWT31,,
PLE-703L,,
C1,,
MP1709,,
A1601,,
FS8018,,
YQ603,,
M351,,
BF T26,,
CHE-TL00,,
M636,,
KT80_232_X43_A8,,
M823,,
VOTO GT11 Pro,,
koobee S106,,
SM-A7108,三星,GALAXY A7
dazen X7,,
A527,,
HUAWEI TIT-CL00,,
ZTE C880S,,
Hisense F22M,,
SM-J320G,三星,GALAXY J3 Model
Coolpad 5267,酷派,5267
T12,,
SM-T331C,三星,GALAXY Tab 4
HCHM1,,
ANE-LX2,,
M711C,,
M571C,,
8676-A01,,
STF-TL10,,
GN151,,
SM901,,
8190,,
HTC_M9ew,,
1501_M02,,
VOTO GT7,,
SUGAR S9,SUGAR,S9
MP1718,,
BF T28,,
GT-I9158P,,
M812C,,
LEX722,,
vivo X5Max L,vivo,X5Max L
GOME 2017M27A,,
A0001,,
HTC T328w,,
Z8,,
SM-G6200,三星,GALAXY A6s
ZTE BA510,,
GIONEE F6L,,
Lenovo K80M,,
M1852,,
EYU T11,亿优,T11
Lenovo K50-t3s,,
DUK-TL30,,
BAH-W09,,
HLTE510T,,
HTC D10w,,
SM-J7008,三星,GALAXY J7
Coolpad 8712,酷派,8721
Moto G Play,,
GIONEE S11L,,
NX612J,,
koobee S9,,
KT101-E,,
MEIZU M6,,
SM-G3568V,三星,GALAXY Core Mini
Pixel 2,,
GT-I9508V,,
Nokia 7 plus,诺基亚,7 Plus
T1-A21w,,
YT886-12,,
G621-TL00,,
SM-G9287,三星,GALAXY S6 Edge+
Coolpad Y71-711,酷派,峰尚Air
HUAWEI NXT-DL00,,
Lenovo K51c78,,
G0245D,,
HCE320,,
vivo X5L,vivo,X5L
Coolpad 5891,酷派,5891
MX5,,
Coolpad 9976A,酷派,大神
SM-P905V,三星,GALAXY Note PRO 12.2 LTE
SM-G5510,三星,GALAXY On5
AUM-TL20,,
i7,,
1871-A0,,
HTC E9pw,,
NX541J,,
R9,,
K-Touch X7,,
MP1611,,
16th Plus,,
GN9007,,
ZTE V0840,,
T1-A23L,,
H8296,,
PLK-TL01H,,
OPPO A51,OPPO,A51
MediaPad 7 Youth,,
NX511J,,
A11,,
GS53-6,,
HUAWEI HN3-U01,,
SCH-P709,,
2014821,,
MI 3W,小米,3W
AWM-A0,,
SM-G9006W,三星,GALAXY S5
Ramos M7,,
LYA-TL00,,
ZTE BA601,,
haipainoble S1,,
vivo Y927,vivo,Y927
Onefive C3,,
NX503A,,
SM-T2519,三星,GALAXY Tab Q
Lenovo K32c30,,
DOOV A6,,
ZTE U950,,
HUAWEI C8817E,,
HTC U-1w,,
SM-J3300,三星,GALAXY J3
SM-N900,三星,GALAXY Note 3
F100S,,
HRY-TL00,,
F100B,,
GM-T6,,
HUAWEI RIO-TL00,,
U81-D,,
GT-P5200,,
HUAWEI GRA-CL10,,
T1-701u,,
SM-G8750,三星,GALAXY S
N3,,
P024,,
H7,,
LD800,,
BF T25,,
SM-N9508,三星,GALAXY S8
SM-G3502I,三星,GALAXY Trend 3
HOPE-A10,,
M850,,
M2017,,
weimi7S,,
SM-G950U1,三星,GALAXY S8
vivo X6SPlus A,vivo,X6SPlus A
H10G,,
Lenovo K30-E,,
GM-Q5+,,
T1-701ua,,
Infinix X601,,
NX511J_V3,,
MI MAX 3,小米,MAX 3
HTC 809d,,
Redmi 3X,小米,红米3X
1515-A01,,
SM-G5700,三星,GALAXY On5
15 Plus,,
ivvi V2,,
LA-S6,,
SM-G9700,三星,GALAXY S10e
F106L,,
ZTE BA910,,
20160829S,,
SGP341,,
NX569J,,
X98 3G(HKC1),,
A31t,,
IPH_7,,
W909,,
SOP-S8,,
GT-S7272C,,
DOOV L5M,,
ZTE U969,,
MI 3C,小米,3C
F8331,,
HUAWEI M2-A01L,,
lephone C9,,
CMOX CM-G10 plus,,
Changhong X5,,
MNRM2CH/A,,
F103,,
Lenovo A5500,,
vivo Y22L,vivo,Y22L
ZTE B2017G,,
Lenovo S5000-H,,
A37f,,
ZTE Q529T,,
GS55-6,,
Xperia TX,,
V1824A,,
HUAWEI VNS-DL00,,
sdm710,,
K-Touch X6,,
BF_T13,,
vivo Y51n,vivo,Y51n
SM-P588C,三星,GALAXY Tab A10.1
SM-N960U,三星,GALAXY Note 9
IPH,,
ZTE Q503U,,
Z10,,
SK3-01,,
G13,,
__MODEL__,,
OWWO Q7,,
wt86047,,
M652YN,,
msm8953,,
ZTE N939Sc,,
GO T5,,
DJ-1,,
NUOFEI F1,,
OPPO R9 Plust A,OPPO,R9 Plust A
Philips I908,,
NEM-UL10,,
Lovme-T17,,
SM-G9009W,三星,GALAXY S5
lephone T7+,,
SUGAR F7,SUGAR,F7
CPH1701,,
HLTE310M,,
koobee S7,,
Tinai K1,,
I999,,
Coolpad 5367,酷派,5367
ATH-TL00,,
ATH-UL00,,
MP1713,,
LEX650,,
LG-K535,,
MC002CT,,
GT-I9508,,
SM-N9009,三星,GALAXY Note 3
Coolpad Y82-900,酷派,峰尚2
Coolpad 8737,酷派,8737
vivo X5V,vivo,X5V
X900+,,
SM-G920L,三星,GALAXY S6
HTC 802w,,
SM-G9209,三星,GALAXY S6
V1824BA,,
SM-N9108V,三星,GALAXY Note 4
DOOV L5Pro,,
HLTE200M,,
Hisense M20-M,,
LG-H422,,
HUAWEI GRA-CL00,,
SUGAR F11,SUGAR,F11
CPH1607,,
HLJ-X1-L,,
C8817D,,
1509-A00,,
vivo Y18L,vivo,Y18L
Bird L5,,
N1T,,
LG-H961N,,
ALOES,,
YLT X9-mi6,,
DOOV A8,,
M57AC,,
DOOV V15,,
ZTE M901C,,
SM-N900V,三星,GALAXY Note 3
full_hct6753_35gc_l1,,
H18,,
SM919,,
Lenovo K860i,,
DOOV L8 Plus,,
ME865,,
C96,,
Nokia X7,诺基亚,X7
Coolpad 8702,酷派,8702
Philips X596,,
BOWAY_U7,,
Lingwin,,
F109,,
lephone T2V,,
GIONEE S10B,,
Pro 7,,
SM-P555C,三星,GALAXY Tab A 9.7
BIHEE A12,,
SM-N9002,三星,GALAXY Note 3
vivo X510t,vivo,X510t
1107,,
XT1570,,
X7,,
X,,
GM-W,,
vivo Y29L,vivo,Y29L
T106,,
ZTE BV0710,,
Hisense F23,,
Lenovo A3910t30,,
Infinix X603,,
SM-G1600,三星,GALAXY Folder
HUAWEI M2-801W,,
C6502,,
ZTE BV0701,,
SM-G928F,三星,GALAXY S6 Edge+
Coolpad Y90,酷派,峰尚Pro
KOPO L6,,
T02,,
Che1-CL10,,
YEPEN,,
1711-A01,,
L18011,,
XIAOXY P7,,
OX1,,
HTC A9w,,
OKP6 Pro,,
lephone T11,,
SM-N9109W,三星,GALAXY Note 4
vivo X5Max ,vivo,X5Max
ZTE BV0710T,,
HUAWEI G7-TL00,,
SM-N920V,三星,GALAXY Note 5
GT-S7278,,
GT-I9158V,,
VOTO GT13,,
COL-TL10,,
P9,,
S9L,,
K1001_SP31P,,
GT-I9128V,,
NX513J,,
koobee S109M,,
SOP-P10,,
GT-I9502,,
YLT-X6-Plus,,
GT-I9192,,
A31u,,
YU FLY F9,,
KOPO L128,,
lephone T6+V,,
L55t,,
TCL Y660,,
ZTE Q806T,,
HLTE213T,,
Lenovo A376,,
Coolpad 8675-HD,酷派,大神F2
Lenovo K860,,
HM-I506-TL,,
PRO 7 Plus,,
SM-G900F,三星,GALAXY S5
VpadnT8,,
Q3_999,,
SM-G3606,三星,GALAXY Core Prime
vivo X5Pro V,vivo,X5Pro V
VETAS V9,,
M460A,,
Lenovo K52t38,,
GT-N7108,,
MI 9 Transparent Edition,小米,9透明尊享版
LA2-S,,
Coolpad 9976D,酷派,大神1S
HUAWEI G616-L076,,
HUAMI HM6,,
1872-A0,,
SM-N9106W,三星,GALAXY Note 4
4G+,,
M721C,,
Y61,,
SM-W2014,三星,W2014
lephone T25,,
8848 M4,,
Lenovo Z90-3,,
TCL M2M,,
laaboo D1,,
Onefive C2,,
1505-A02,,
U9500,,
N797S,,
HUAWEI C8817L,,
PP5200,,
OS103,,
MI 8 Explorer Edition,小米,8探索版
KONKA E1,,
BOWAY_X6,,
Best sonny LT999,,
V21-X,,
1503-M02,,
YQ601,,
BAC-L22,,
JDN-W09,,
SPH-L720,,
KINGSUN-F9,,
SM-G1650,三星,GALAXY Folder2
SHT-AL09,,
F1-Y900-M10-M20-B2,,
H1,,
Lenovo P2c72,,
SM-N9150,三星,GALAXY Note Edge
BLN-TL00,,
L6 vive,,
Lenovo A7600-m,,
TCL 750,,
MIX 3 The Palace Museum Edition,,
NX606J,,
GN3002L,,
CPN-AL00,,
Coolpad S6-NC1,酷派,S6
SM-G9750,三星,GALAXY S10+
Y71-811,,
V1821T,,
HLJ-GM-Q1,,
ATMAN_X5,,
XT1789-05,,
lephone T708,,
20180322D,,
NS29-Young,,
IdeaTabA1000-T,,
BOWAY U11,,
MOONSHINING-M1,,
SM-A9200,三星,GALAXY A9s
SM-E7000,三星,GALAXY E7
HUAWEI TAG-CL00,,
GT-I9300I,,
CM CM6,,
Hisense E76MINIM,,
lephone T6,,
SM-G5109,三星,GALAXY Core Max
ZTE C2016,,
CYM1-C1,,
ASUS_Z017DA,,
UOOGOU T12,,
SAGA M7,,
H8S,,
S10,,
vivo X3F,vivo,X3F
OUJIA 2019 MIX,,
Mediapad,,
L7_Max,,
8692-M02,,
Lenovo A3860,,
vivo Y17T,vivo,Y17T
LA7-L,,
HUAWEI RIO-CL00,,
lephone T16,,
Readboy_G90,,
Le X822,乐视,Max 2
ZH960,,
Hisense F30,,
Lenovo P70-t,,
SM-F9000,三星,GALAXY Fold
Pixel 2 XL,,
OPPO A33t,OPPO,A33t
DOOV L520,,
HUAWEI NXT-CL00,,
MI 4S,小米,4S
DUB-AL20,,
ZTE A0722,,
HLTE200T,,
evb3561sv_w_no2,,
PLK-UL00,,
SF101,,
DOOV L520s,,
ASUS_X003,,
MK5,,
NX616J,,
T1_two,,
SM-G9608,三星,GALAXY S9
SM-N920P,三星,GALAXY Note 5
FIG-TL00,,
R7007,,
S5,,
ZTE S2010,,
U7,,
OWWO A8,,
Pioneer C1,,
SM-T715Y,三星,GALAXY Tab S2
SM-T715C,三星,GALAXY Tab S2
LA-S33,,
1809-A01,,
Coolpad 7105,酷派,7105
OPPO A53t,OPPO,A53t
E100,,
Coolpad 8297-T01,酷派,大神F1 Plus
DOOV V18,,
M6Note,,
GT-I9200,,
S6,,
GO 50023,,
R1,,
GT-N7108D,,
vivo X5Max V,vivo,X5Max V
SM-G8508S,三星,GALAXY Alpha
X5_1,,
Lenovo A680,,
m1metal,,
H30-T10,,
ARE-TL00,,
GN3002,,
MI 4C,小米,4C
TA-1054,,
X7PLUS,,
OKP10,,
GO T6,,
Cong C1391,,
T1-821w,,
W900S,,
SM-N900L,三星,GALAXY Note 3
SM-G610M,三星,GALAXY J7 Prime
Lenovo S60-t,,
D888,,
vivo V3Max,vivo,V3Max
KOB-L09,,
BOWAY A5,,
T88Q,,
Spro 2,,
NOAIN X11,,
Bird D08,,
7722CT,,
KOPO K11,,
7 Plus,,
BF I7,,
Coolpad 8720L,酷派,8720L
Coolpad A8-931N,酷派,峰尚Max
Lenovo A5890,,
Coolpad 9976T,酷派,大神1S
GOME S1,,
N1,,
PE-UL00,,
LA9-L,,
NOAIN R9S,,
ZTE Q529E,,
HUAWEI MLA-TL00,,
SM-G3589W,三星,GALAXY Core Lite
1501-M02,,
T8,,
BAH-AL00,,
Laaboo V9,,
CMCC M761,,
HTC D728w,,
M631,,
Lenovo L38041,,
ALP-L29,,
GO T3,,
GT-N7100,,
1822-C0,,
SM-G955W,三星,GALAXY S8+
SM-N900K,三星,GALAXY Note 3
V1831A,,
NX505J,,
SM-G3508J,三星,GALAXY Trend 3
SM-G7509,三星,GALAXY Mega 2
A1,,
InFocus M310,,
XT1085,,
VKY-TL00,,
CLT-TL00,,
SM-N910L,三星,GALAXY Note 4
BBB100-4,,
Xshitou-NT18,,
Lenovo PB1-770N,,
lephone W7,,
IdeaTabA1020-T,,
Coolpad 8739,酷派,峰尚N1S
SM-N910U,三星,GALAXY Note 4
BenWee L5,,
DOOV L7,,
QK-6385T,,
Coolpad 5263S,酷派,5263S
SM-G3509I,三星,GALAXY Trend 3
DOOV L1C,,
SM-G928V,三星,GALAXY S6 Edge+
S1 Pro,,
ZTE C880A,,
m1,,
1801-T0,,
XT1635-03,,
evb3561sv_w_65_m0,,
V188S,,
R8007,,
Coolpad 7620L,酷派,K1
N6,,
SM-N9208,三星,GALAXY Note 5
LEX728,,
DOOV A3,,
20151209T,,
A30X,,
VCE-L22,,
F8,,
ivvi SS1-01,,
MAICHAI,,
C6603,,
SM-G5306W,三星,GALAXY Grand Prime
502SO,,
F3,,
Coolpad A8-932,酷派,峰尚Max
ali6735m_35gc_a_l1,,
ONE A2001,,
P70 4G(H2V8),,
GT-I9300,,
SUGAR Y7,SUGAR,Y7
vivo Y11iW,vivo,Y11iW
20180102Q,,
HM NOTE 1TD,,
8X mini,,
8X,,
BGO-DL09,,
HTC M10u,,
LDN-TL10,,
DOOV L9 mini,,
G9901,,
HUAWEI MT2-L01,,
X1S,,
GT-S7278U,,
LDN-TL00,,
ZTE Q801U,,
HOPE-A7,,
HUAWEI P7-L09,,
SHOWN_P1+,,
ivvi V1,,
SM-G955N,三星,GALAXY S8+
1803-A01,,
C730Lw,,
Lenovo L78071,,
ramos MOS 1,,
SM-T325,三星,GALAXY Tab PRO 8.4
SM-T585C,三星,GALAXY Tab A 10.1
Lenovo S820e,,
SM-G9006V,三星,GALAXY S5
C910,,
G620S-UL00,,
FEITU,,
X805,,
Lenovo TB-7304N,,
HUAWEI,,
DOOV A11,,
CLT-AL00l,,
SOP-N1,,
Lenovo S90-t,,
PLK-TL00,,
V1831T,,
2014112,,
koobee S301T,,
mytel,,
OPSSON_Q1,,
JC-V9,,
X21,,
NX508J,,
Coolpad 5956,酷派,5956
ZUK Z1,,
ChaoruiA,,
V1838T,,
SS8857,,
Sun001,,
ANE-LX1,,
ATH-CL00,,
Coolpad A8-931,酷派,峰尚Max
DRA-TL00,,
V21(X21S),,
KT-960-A,,
vivo X3t,vivo,X3t
P98 3G(M1A5),,
cm84,,
LA-V9,,
ASUS_Z011D,,
H129,,
M6SPlus,,
EYU T53,亿优,T53
8298-M02,,
PIC,,
HUIZUU Xs,,
ZTE A880,,
SM-N9005,三星,GALAXY Note 3
SUGAR S11,SUGAR,S11
HTC M8Sd,,
OPSSON,,
KNT-TL10,,
Lovme,,
HUAWEI MT1-U06,,
HTC M8St,,
Lenovo L58041,,
Lenovo K50-t5,,
C106-6,,
ChanghongT02,,
2013023,,
MP1710,,
BF M20,,
vivi v9,,
GM-Q5,,
vivo X7Plus L,vivo,X7Plus L
C6902,,
HWI,,
R8205,,
JD-T,,
A33w,,
SM-A750GN,三星,GALAXY A7
vivo Y22iL,vivo,Y22iL
Coolpad V1-C,酷派,铂顿
VFD 710,,
Hisense D2-M,,
R11,,
ChanghongW01,,
BOWAY L6,,
SM-A300G,三星,GALAXY A3
SM-G935S,三星,GALAXY S7 Edge
XT1032,,
GOME 2018X38A,,
Coolpad 5890,酷派,5890
XT1056,,
M10,,
C1230L,,
M611D,,
Coolpad 8017,酷派,8017
ASUS_Z01RD,,
LON,,
Coolpad 8675-W00,酷派,大神F2
GT-N7000,,
H88,,
ZTE BA602,,
R8200,,
DOOV T21,,
JAT-TL00,,
sm-j700f,三星,GALAXY J7
Coolpad Y70 C,酷派,Y70-C
ivvi SS1-03,,
Hisense E77,,
PYK1,,
NX551J,,
　　,,
KINGSUN-F,,
X86,,
Coolpad Y82-520,酷派,峰尚2
4G ,,
Lenovo A606,,
SM-G7108V,三星,GALAXY Grand 2
SK3-02,,
Lenovo A3580,,
KONKA D6+,,
Y01(YP01),,
BKL,,
LGM-V300L,,
PH-1,,
HTC D816w,,
GM-T1,,
Q6,,
Coolpad 5879,酷派,5879
LG-H870DS,,
ifive mini 4S,,
JXD-T55,,
haipainoble S8,,
E6653,,
CLT-L29,,
SAGA M8,,
98 八核(M1E3),,
DIM 7S,,
K3DX-V5G,,
K012,,
MLLED R9,,
M353,,
SM-C900Y,三星,GALAXY C9 Pro
wolunka,,
TONAINE T95,,
HUAWEI G7-UL20,,
Lenovo A320t,,
AoleDior,,
U8818,,
GT-I8200,,
F100A,,
ZTE V890,,
HUAWEI Y300-0000,,
POT-AL00a,,
GREAT M9,,
CM CM5,,
HTC 802t,,
D6653,,
Lenovo PB2-670N,,
YLT X9,,
GT-I9507V,,
VDVD IX21,,
x-apple,,
Lenovo L38011,,
T805S,,
ZTE G720T,,
INE,,
Note9,,
Lenovo Z90-7,,
HUAWEI C199,,
unknown,,
koobee A3M,,
SHV-E300S,,
H60-L03,,
HLA Note3,,
koobee M9,,
ZTE B880,,
vivo V3Max L,vivo,V3Max L
ROAM_CAT M8,,
M1816,,
vivo Y37L,vivo,Y37L
Y07,,
T07,,
GT-I9220,,
GT-N7102,,
JY-S3,,
V99,,
YUSUN A7,,
Coolpad 8690,酷派,大神X7
ZTE Q701C,,
F303,,
ivvi K5,,
Bestsonny_LT988,,
koobee S206M,,
F108,,
AGS2-W09,,
LG-D859,,
MHA,,
U10,,
M760,,
A368,,
LM-Q710.FG,,
T9,,
LA-X4,,
R823T,,
COMIO A8,,
MI PAD,小米,PAD
NX611J,,
HUAWEI CRR-UL20,,
msm8998,,
Coolpad 8715,酷派,8715
vivo Y20T,vivo,Y20T
SM-T231,三星,GALAXY Tab 4
Lovme-T9,,
Lenovo A820t,,
M9s,,
koobee S309,,
ivvi i3P-02,,
ZTE BA610T,,
M612C,,
VTR-L29,,
leBest R11,,
GM-Q5 ,,
A830,,
HUAWEI Y511-T00,,
koobee S503,,
D300,,
L3,,
LA-S1 Volte,,
E150,,
U63YR,,
N918St,,
BOWAY L2,,
Mediapad 10,,
Lenovo 2 A7-30TC,,
ivvi V1M,,
vivo X3V,vivo,X3V
ZTE V0721,,
Lovme-T16,,
VPad-A107,,
BOWAY_V95Pro,,
V18,,
R11S,,
MI 2S,小米,2S
LA-S31,,
SM-G925F,三星,GALAXY S6 Edge
NEO,,
DOOV L5,,
UOOGOU S2,,
KT-101-A,,
X9(20160103),,
GT-I9128I,,
DOOV A12,,
K2,,
PBDT00,,
WAS-LX2,,
Lenovo K31-t3,,
OPPO A59t,OPPO,A59t
XT1585,,
Lenovo X2-TO,,
Coolpad 5721,酷派,5721
XT1710-08,,
SUGAR F9,SUGAR,F9
NOAIN M8,,
HUIZUU Y17,,
GT-S7568I,,
LC-1036A,,
Redmi Note 5 Pro,小米,红米Note 5 Pro
S7,,
GT-I9505,,
E6533,,
HANZHONG,,
G699,,
ChanghongC02,,
NX507J,,
SM-C7108,三星,GALAXY C8
VOGA 55909,,
H008,,
KOOMII-FOT9,,
Hisense F23M,,
CLT-TL01,,
DOOV M1t,,
koobee H9L,,
PROTRULY V10S,,
SUPERJO,,
Laaboo V3,,
FIG-LX1,,
GN5001L,,
ATH-TL00H,,
OYSIN P10,,
SM-C1158,三星,GALAXY K Zoom
LA-S9,,
vivo X3S W,vivo,X3S W
HYF-A1,,
H30-T00,,
E6883,,
GT-I9118,,
Lenovo P1c72,,
MuMu,,
DOOV T60,,
HUAWEI P6-T00,,
NOAIN T01,,
HUAMI HM7,,
lephone T2,,
FS8016,,
Lenovo P1c58,,
koobee S106M,,
OTOT Q1,,
Coolpad Y60-W,酷派,Y60-W
WP_V2,,
T85,,
boway U16,,
20161220,,
koobee S305M,,
ZTE Q802D,,
R6007,,
GM-Q6,,
F1f,,
CLT,,
Moto Z (2),,
P13,,
VK815,,
Galaxy S7,,
ZTE C880U,,
MX7,,
PCAM10,,
YLT X9-Mi6 plus,,
KOPO K33,,
NX608J,,
BOWAY L3,,
JL80_N797S,,
lephone T9,,
SUGAR C11,SUGAR,C11
lephone T7A,,
GN715,,
Best_sonny_LT511,,
Lenovo K910,,
Galaxy Nexus,,
SM-N7506V,三星,GALAXY Note 3 Lite
AR7,,
LA-S5,,
boway U15,,
SUGAR Y9,SUGAR,Y9
PP5600,,
H2,,
Y65,,
Readboy_G90S,,
HTC M9w,,
SM-T2558,三星,GALAXY Tab Q
SCH-N719,,
E3,,
GT-I9103,,
ZTE Q301C,,
VTR,,
SM-G9009D,三星,GALAXY S5
20180208Q,,
GOME 2017X05A,,
A680Q,,
HM 1SC,,
MI MAX（32G),小米,MAX
HUAWEI LUA-U22,,
lephone V8,,
GO N3S,,
??,,
Kumai 920,,
P001,,
vivo X5F,vivo,X5F
HS-U978,,
Hisense E76,,
ALP,,
M12,,
NX617J,,
GT-N8000,,
KOPO L8,,
vivo X6S,vivo,X6S
Lenovo S6000-H,,
SM-N9008,三星,GALAXY Note 3
M685C,,
NX535J,,
DOOV T20L,,
RVL,,
GT-S7562C,,
KONKA 711,,
20170829M,,
F8332,,
DOOV L525,,
SM-G9198,三星,领世旗舰Ⅲ
LANDROWER,,
UOOGOU-T8,,
HTC X9u,,
TCL 950,,
KOPO T9,,
HLTE310T,,
Y3,,
VIE-L29,,
GIONEE F205,,
KINGSUN-F70,,
JD-PLUS,,
8848 M5,,
BOZHIXING,,
N3S,,
MIYU 8X,,
V183,,
Meitu M4,,
SM-P355C,三星,GALAXY Tab 5
MM1104,,
M045,,
TCL 520,,
HUAWEI P7-L05,,
Coolpad Y76,酷派,Y76
M578C,,
Hisense E76mini,,
OYSIN X8,,
Hisense A1,,
U808 Quad,,
SM-W2017,三星,W2017
Coolpad S6-NT1,酷派,S6
N1C,,
MZ65Plus,,
HS-U980,,
ChanghongA100,,
NX518J,,
H90,,
TA-1052,,
Y105-TL,,
ZTE BA910T,,
SUGAR Y12,SUGAR,Y12
DOOV L1M,,
vivo S7i(t),vivo,S7i(t)
SOP-M8,,
2019,,
Philips S626L,,
SM-G386T,三星,GALAXY Avant
L50t,,
BF T20,,
SM-G930V,三星,GALAXY S7
V1600,,
XT1941-2,,
HUAWEI CRR-CL00,,
Q988,,
KOPO L1,,
SPH-D710,,
X9,,
len6737t_66_m0,,
vivo Y613,vivo,Y613
Coolpad 8721,酷派,8721
Lenovo S658t,,
FS8010,,
Lenovo A770e,,
X3,,
VCE,,
Meitu V4s,,
X9077,,
GT-I8558,,
Mi A2,小米,A2
SM-C101,三星,GALAXY S4 Zoom
DOOV V17,,
R6,,
OKP6,,
AUDIO-A7,,
Lenovo A399,,
SUGAR Y11,SUGAR,Y11
HUAWEI Y523-L176,,
VOG-AL10,,
BG2-W09,,
ramos MOS1max,,
Sunelanmobile S1,,
vivo Y613F,vivo,Y613F
R831S,,
ZTE BA602T,,
KOB-W09,,
AUDIO-A10,,
R11PLUS,,
QuadCore-R16,,
X9180,,
N360,,
ix,,
Lenovo A390t,,
ONEPLUS A6003,一加,6 Dual-SIM
尚百星平板电脑,,
Coolpad T2-W01,酷派,峰尚Pro
K-Touch 2A,,
VCR-A0,,
GT-I8552,,
GT-S7898I,,
Coolpad 7620L-W00,酷派,K1
SOYES XS,,
SF3,,
Readboy_G100A,,
NOAIN X9V,,
YQ607,,
I7 PLUS,,
koobee X905Q,,
virtual machine 2,,
ZEEMI M5,,
R827T,,
yiwanplayer,,
20160526Q,,
HTC D820t,,
305SH,,
SCH-I629,,
ZTE BV0870,,
SUGAR C9,SUGAR,C9
LEX950,,
N18,,
vivo Y913,vivo,Y913
Philips W3550,,
bodu D888,,
Hisense M20-T,,
i8,,
SA32,,
M51w,,
koobee S11,,
D9,,
LON-L29,,
Redmi Note3双网通,小米,红米Note 3
Coolpad 7231,酷派,7231
RLT,,
Full AOSP on Sofia,,
NOAIN X9 Plus,,
HTC One X10,,
Lenovo Z2,,
XT1799-2,,
荣耀7,,
GT-S7572,,
OYSIN MX7,,
SCH-i589,,
Hisense A2T,,
N80,,
CPN-W09,,
K-Touch 8818,,
A1 MINI,,
TCL P588L,,
VOTO GT11,,
Huawei H60-L11,,
L39u,,
bee E7S,,
E670Lw,,
ASUS_T00G,,
S626L,,
MP1711,,
E910,,
VM X6,,
vivo Xplay,vivo,Xplay
A6000,,
 ,,
TETC-F6S,,
R821T,,
LA-X6-Pro,,
koobee S506,,
TECNO CA6,,
SM-J510UN,三星,GALAXY J5
OPSSON V6,,
1105,,
U27,,
SM-A700YD,三星,GALAXY A7
Coolpad V1-T,酷派,铂顿
GN8001L,,
SM-N920K,三星,GALAXY Note 5
8848 M3,,
KINGSUN-F16,,
HM NOTE 1LTETD,,
MB860,,
CMR-AL09,,
Lenovo K910e,,
WA1L,,
Lenovo A768t,,
Lenovo A3800-d,,
HTC D826t,,
1201,,
Haier Y105-TL,,
SAGA V9,,
Q28,,
InFocus M460,,
H60-L04,,
NX591J,,
V9-S,,
Q8800,,
ASUS_X002,,
GN3001L,,
sdm636,,
P1,,
F301,,
HUAWEI M2-A01W,,
K88L,,
MA347,,
koobee M9 Plus,,
GM-T3,,
SM-T810,三星,GALAXY Tab S2
V15(V18),,
NX609J,,
koobee F1,,
SM-G930L,三星,GALAXY S7
GS57-6,,
sdm845,,
20170829D,,
MANN M3,,
S8,,
Coolpad 8675-F01,酷派,大神F2
SHT-W09,,
CPH1801,,
k71v1_64_bsp,,
ASUS_T00E,,
HTC D816v,,
M621C-S,,
Epade S3,,
T96,,
Lenovo A5600,,
OKP1,,
CPH1831,,
H9S,,
HUAWEI MLA-UL00,,
V3,,
KINGSUN-S5,,
R11s Plus,,
I8-4G,,
gucci,,
COMIO M5000,,
DOOV L925,,
H8SM,,
DOOV A19,,
S36,,
Hisense C20S,,
HLJ6,,
MRD-AL00,,
JSN-AL10,,
C105-8,,
TCL P528D,,
8190Q,,
G621-TL00M,,
SM-G950N,三星,GALAXY S8
C105,,
L50u,,
Lenovo X2Pt5,,
LG-F800L,,
koobee S506M,,
evb3561sv_ct_66_m0,,
GT-I9082i,,
SM-G906S,三星,GALAXY S5 Prime
4GVOLTE,,
V9S,,
V15(V21),,
P10(20160102),,
HUAWEI G750-T00,,
SAGA A909,,
rk3188,,
vivo Y33L,vivo,Y33L
DOOV V5,,
Moto X Pro,,
ASUS_X005,,
INE-LX2,,
SM-T580,三星,GALAXY Tab A 10.1
SM-G935L,三星,GALAXY S7 Edge
MI 2A,小米,2A
Hisense E81,,
SM-J210F,三星,GALAXY J1
Bird D10,,
DOOV V8,,
LG-F400L,,
koobee F2,,
ZTE A520S,,
QC_Reference_Phone,,
SOP-S7,,
LG-US998,,
QUY Q1,,
VDVD IX21(IX20),,
SM-T321,三星,GALAXY Tab Pro
M6A,,
Bestsonny_N3,,
SHUGUO S1,,
Venue8(4G),,
S100,,
LGM-G600L,,
vivo X710F,vivo,X710F
LC-926W,,
HUIZUU X,,
Mediapad10,,
ZTE V0920,,
HUAWEI Y635-TL00,,
Best sonny LT558,,
X1 7.0,,
vivo X1St,vivo,X1St
NOAIN A1,,
SM-T705,三星,GALAXY Tab S
LG-M250,,
VEGA Iron 2,,
BF_T25,,
HTC_M910x,,
A8000,,
X23,,
SM-N935F,三星,GALAXY Note 7 Edge
K960N_MT6580_32_N,,
RNE-L22,,
IPH 1,,
V1836A,,
MHA-L29,,
PAR,,
Lenovo TB-X704F,,
DOOV T20,,
U32,,
MI 1S,小米,1S
lephone T3+,,
S88,,
NXT-AL10,,
R8000,,
Hisense C20,,
HTC M8e,,
BF T27,,
GT-I9100,,
DSL C1,,
Lenovo S898t+,,
SHOWN_P6,,
学生平板M10,,
TETC-H7,,
OYSIN MX2,,
t3,,
U19,,
SM-P901,三星,GALAXY Note Pro
VOTO GT07,,
MALATA S520-H,,
Y685C,,
common,,
1821-T0,,
K350t,,
WP V7,,
YS60,,
SM-N950N,三星,GALAXY Note 8
X101,,
G8441,,
K1,,
koobee F2 Plus,,
vivo S7,vivo,S7
GIONEE F109,,
E6mini,,
Y22,,
LG-F500K,,
HUAWEI C8816D,,
Q7,,
T2,,
MLLED X9,,
Alcatel_7049D,,
SM-N910F,三星,GALAXY Note 4
TCL P331M,,
SM-J320F,三星,GALAXY J3
KONKA D1,,
Umix6,,
SM-G3518,三星,GALAXY Core 4G
VCE-TL00,,
VKY,,
Lenovo S668t,,
Lenovo A5800-D,,
SM-T700,三星,GALAXY Tab S
cayon A3,,
CMR-W09,,
CENXIN S17,,
X8,,
LG-D857,,
BOWAY_V95,,
HUAWEI NXT-L29,,
JingGang,,
SUBOR_K10PLUS,,
Lenovo A800,,
Z107K,,
PPTV,,
V850,,
OUJIA 2019,,
NOAIN X18 Plus,,
V116w-DualOS,,
OUKI P6,,
SM-J3308,三星,GALAXY J3
Lenovo P770,,
vivo Y627,vivo,Y627
AGS2-AL00,,
SAST SA9,,
CPH1903,,
Coolpad 8297D,酷派,大神F1
V15,,
OWWO 7S,,
SOP-N5,,
Lenovo A360t,,
L3 mini,,
OPSSON V8,,
H8166,,
P8,,
HUAWEI C199s,,
BIHEE A11,,
C685,,
ZTE Q519T,,
HUAWEI MT7-UL00,,
M8_,,
YINGSHAN,,
Lovme-T6,,
U5581,,
LA-S11,,
Coolpad B770S,酷派,B770S
SM-G720N0,三星,GALAXY On7
F888,,
ZTE,,
MZ63,,
F5321,,
MELROSE Android S1,,
POT-TL00a,,
Defy+,,
V101F,,
C1001,,
M512,,
Hisense A2,,
COR,,
1701-M01,,
YU FLY F8,,
OUJIA S11,,
DOOV_L6,,
Honor,,
VL8,,
vivo X520F,vivo,X520F
Coolpad Y1,酷派,Y1
AGS-W09,,
MUTUCU M8,,
Bird,,
V18H,,
KOPO A1,,
Y-518,,
Hisense M36,,
R7005,,
ZTE Q5-T,,
SM-G900P,三星,GALAXY S5
NOAIN X15,,
asus,,
lephone T6V,,
SM-G930F,三星,GALAXY S7
SUBOR_R10+,,
k62v1_64_bsp,,
HT-I860,,
A33f,,
EBEN K8S,,
Lenovo A708t,,
CPH1819,,
ivvi V3,,
vivo S7t,vivo,S7t
EML-L29,,
MI PAD 4 PLUS,小米,PAD 4 PLUS
XT1079,,
Coolpad A118,,
HUAWEI G750-T01,,
msm8916,,
X9000,,
Coolpad SK1-01,酷派,ivvi 小K mini
Letv X910,,
H20,,
ramos R9,,
P21,,
SmartProjector,,
GT-I9515,,
SCH-I619,,
D200,,
Bird L902,,
BOWAY U12,,
lephone W9+,,
MATE8,,
HOPE8BGMA900,,
Ben15,,
Lenovo S650,,
SM-T2556,三星,GALAXY Tab Q
SM-G975W,三星,GALAXY S10+
Lenovo A850,,
Lenovo S6000L-F,,
BZK-L00,,
H9A,,
ZTE A530,,
V15-S,,
UOOGOU F5,,
LYA,,
SCH-W999,,
Pixel XL,,
WP-S2,,
SM-G5108,三星,GALAXY Core Max
LC-1011T,,
SM-T311,三星,GALAXY Tab 3
R3,,
SKW-A0,,
XM50h,,
MLLED L820,,
H12,,
20170608S,,
Hisense E51-M,,
HUAWEI C8812E,,
Mi MIX 2,小米,MIX 2
DUK,,
GT-S6812C,,
GN9000L,,
GT-I9268,,
LG-H848,,
Lenovo A816,,
motorola,,
i9,,
ZTE A2018,,
KT-101-B,,
HUAWEI MT2-C00,,
LA2-SN,,
A96,,
TCL_P620M,,
Lenovo A2800-d,,
zh-cn;GiONEE-V185/ V185,,
InFocus M560,,
R829T,,
Coolpad S6-NT,酷派,S6
BF T66,,
lephone T10,,
SM-G928P,三星,GALAXY S6 Edge+
Coolpad 5951,酷派,5951
BM001,,
OWWO Q8,,
H60-L12,,
I4293,,
SM-N960N,三星,GALAXY Note 9
T10 PLUS,,
MATE 20X,,
KT107,,
LG-F700L,,
Lenovo L38012,,
Coolpad 5263C,酷派,5263C
VOTO IX20(GT20),,
MediaPad X1 7.0,,
ONE E1001,,
P023,,
YTONE_V3,,
HUAWEI G610-U00,,
SM-J700H,三星,GALAXY J7
SM-G9308,三星,GALAXY J7
XM-T Pro,,
M200,,
ZTE BV0720T,,
SM-J3119S,三星,GALAXY J3 Pro
COL,,
vivo Y928,vivo,Y928
MHA-L09,,
GT-I9152P,,
CPH1725,,
M9-C,,
Lenovo TB3-730M,,
ASUS_X003A,,
YOGA Tablet 2-1050LC,,
Lenovo A820e,,
msm8996,,
JKM-AL20,,
koobee K10,,
DOOV A10,,
GPLUS-N808,,
evb3562v_c_66_m0,,
KOOMII-K19,,
SM-C5018,三星,GALAXY C5 Pro
SM-G955U,三星,GALAXY S8+
P308L,,
S1,,
LENOVO,,
koobee A3,,
Lenovo A2860,,
dazen 6A,,
Lenovo K50a40,,
SM-T239C,三星,GALAXY Tab 4
LG-V930,,
TECNO AX8,,
ZYVM2,,
LG-F320K,,
SM-J701F,三星,GALAXY J7 Core
U3,,
Lenovo_S6000,,
CPH1611,,
PAR-LX9,,
Lm1.X9Plus,,
vivo Y19t,vivo,Y19t
X80,,
KT108   KT-101-B,,
PCAT10,,
Lenovo B8000-H,,
xiaolajiao S3,,
GM-T9+,,
ART-T0,,
vivo Y55n,vivo,Y55n
U707T,,
Lenovo A880,,
A900,,
SLA-AL10,,
M962-3140p,,
ZTE Q802T,,
Z836F,,
MI 2SC,小米,2SC
LA-S1,,
KINGSUN-F3,,
HLTE210T,,
SM-G955F,三星,GALAXY S8+
Hisense F31,,
Coolpad Y80D,酷派,峰尚
HTC D820mu,,
G01111,,
SM-W2019,三星,W2019
INE-LX1r,,
SM-N916K,三星,GALAXY Note 4
Qualcomm snapdragon,,
ZTE Q801L,,
HM NOTE 1W,,
G91_HD,,
TNY-TL00,,
1831-A0,,
M962-31,,
Forme M5,,
imoo,,
Best_sonny_LT580,,
GT-I9128E,,
HLJS6,,
Readboy_G550S,,
2013022,,
H10,,
KONKA D6 ,,
MI 1SC,小米,1SC
HTC 801e,,
Lenovo S858t,,
X9079,,
ums312_1h10_native,,
M040,,
Lenovo TAB 2 A10-70LC,,
W732,,
Lenovo S850t,,
T101,,
HUAWEI Y321-C00,,
Le X529,,
SM-G8858,三星,GALAXY A9 Star
605SH,,
KT108,,
H4233,,
D100,,
M463C,,
5A(Y5),,
DOOV D330,,
ZTE A0622,,
R4,,
Le 1 Pro,,
YT886-10,,
GO C2,,
PRO7S,,
Hisense E75T,,
EVR-TL00,,
Hisense E613M,,
COMIO T11,,
SM-N916S,三星,GALAXY Note 4 S-LTE
A37fw,,
KEJIAN 170801,,
Coolpad 8971,,
R830,,
Lenovo A850+,,
EML,,
SK2-01,,
ioutdoorW1,,
X10 四核 (M1D3),,
V182,,
ZTE Grand S II LTE,,
E601,,
SM-G975U1,三星,GALAXY S10
R819T,,
TCL 580,,
ZTE N983,,
OUJIA 2019 S23,,
ZTE V0900,,
Android,,
H902,,
SOP-H7,,
HTC_A9sx,,
v10,,
SOYES_7S,,
HTC M9pw,,
FS8009,,
AE G23,,
Coolpad 8297_4.4,,
PCAM00,,
EVA-L29,,
NOAIN M16,,
HONOR H30-L01,,
SM-G950F,三星,GALAXY S8
OC106,,
VOORCA,,
HATENG T9,,
Coolpad 5316,,
HMA-L29,,
ZTE BV0800,,
R10,,
Lenovo TB-8504N,,
GT-S7898,,
KFSOWI,,
MO9,,
A3000,,
MI 6X MIKU,小米,6X初音未来限量版
Lenovo A788t,,
CAM-L21,,
HUAWEI Y635-CL00,,
Readboy_G550,,
Coolpad 8729,,
Hisense C1M,,
H8,,
COMIO i2,,
BF T61,,
ZTE Q2S-T,,
Hisense M30,,
Coolpad 8705,,
SM-G935K,三星,GALAXY S7E
LA1-L,,
BIHEE A9,,
HUAWEI G610-T11,,
MLLED MAX3,,
G3226,,
Q18,,
BHL818,,
ix mini,,
SOAP R11,,
OPPO R7 Plus,OPPO,R7 Plus
M2C,,
vivo Y11t,vivo,Y11t
HLTE213M,,
cepheus,,
ZTE U960E,,
KEJIAN 160601,,
lephone W7+,,
SM-G3609,三星,GALAXY Core Prime
KULIAO K10,,
G80_F,,
K2-L,,
T002,,
Coolpad 7295C,,
SO-01H,,
K12,,
VK810 4G,,
HLJ6P,,
SKW-H0,,
GIONEE A1,,
HUAWEI MediaPad,,
SM-G570Y,三星,GALAXY J5 Prime
Lovme-T15,,
M682Q,,
Y12,,
koobee S305,,
KOOMII-K18(F8),,
GOME 2017M95A,,
HUAWEI Y560-CL00,,
SM-G610Y,三星,GALAXY J7 Prime
HTC 2Q4R400,,
Readboy_G90A,,
LZ7,,
SM-A710Y,三星,GALAXY A7
F103B,,
F1,,
VTR-L09,,
20180111S,,
NOSSON S6,,
S08,,
ANE,,
LC_1016T,,
SM-N900P,三星,GALAXY Note 3
SM-A6058,三星,GALAXY A9 Star Lite
Lenovo N308,,
Z97,,
StudentPad,,
T1001,,
ZL10,,
vivo Y11i T,vivo,Y11i T
XT1943-1,,
LA-X5,,
OUJIA2018-S20,,
EBEN T9,,
HDL-AL09,,
lephone T7 ,,
SM-G965U,三星,GALAXY S9 Plus
ZTE U817,,
GT-S6818,,
COMIO T9,,
Coolpad 7270_W00,,
BF T13L,,
Nexus 6P,,
HTC One_M8,,
PHICOMM E1030,,
CMOX CM-N9,,
SM-A530N,三星,GALAXY A8
vivo Y35L,vivo,Y35L
LG-H868,,
SM-G3812,三星,GALAXY Win Pro
HDL-W09,,
BLN-L22,,
SA 8,,
LA2-L1,,
98(M1E7),,
oppo Find7,OPPO,Find7
G9600,,
DOOV V6,,
SM-N910K,三星,GALAXY Note 4
SM-G9298,三星,领世旗舰8
Lenovo A3300-T,,
vivo Y17W,vivo,Y17W
EVA-L09,,
RACCUA/\u96f7\u5c0a,,
Coolpad 5200S,,
ZTE A606,,
Nokia 3.1 Plus,诺基亚,3.1 Plus
KEJIAN 160602,,
Bird L3,,
SOP-M7,,
LNV-Lenovo A780e,,
Lenovo S6000,,
LG-K430,,
UOOGOU T10,,
HTC 2Q4D200,,
X8-R11,,
ASUS_Z012DE,,
koobee,,
Tab2A7-10F,,
X9070,,
HUAWEI SC-CL00,,
SOP-W1,,
vivo Y21,vivo,Y21
Coolpad T1,,
ASUS_X550,,
SAGA A908,,
G808_4G,,
OUKI G12,,
SM-T111,三星,GALAXY Tab 3 Lite
Lenovo A278t,,
Hisense G610M,,
Nexus 4,,
Lovme-T29,,
Coolpad 5263CS,,
HUAGAN HT6,,
OUKI P2,,
ONEPLUS A3003,一加,3
Lenovo TB3-850M,,
GT-I8268,,
SHOWN P1+,,
NG2,,
SM-C7018,三星,GALAXY C7 Pro
HUAWEI MT2-L02,,
LM-Q725L,,
SOP-N9,,
To be filled by O.E.M.,,
HLTE215T,,
YLYH-M9-C,,
ASUS_Z00UDB,,
SUGAR C11s,SUGAR,C11s
X7(20160103),,
ch004_js,,
EYU T31,亿优,T31
ZTE Q302C,,
CPH1729,,
Bird LT02,,
LG-F800K,,
Meizu,,
star R9,,
N20,,
Lenovo A388t,,
Lenovo A330e,,
X909,,
HTC One M9,,
YD201,,
M8,,
NOAIN X12,,
H21,,
SAMSUNG-SM-N900A,三星,GALAXY Note 3
vivo Y11,vivo,Y11
E9105,,
Lenovo A858t,,
K2-01,,
G955F,,
20160212W,,
Y700,,
6000,,
LNV-Lenovo A690e,,
SM-G920F,三星,GALAXY S6
SM-N9007,三星,GALAXY Note 3
Coolpad 7298D,,
ChanghongS07,,
H6,,
SM-G920V,三星,GALAXY S6
rk3368-box,,
violet,,
SM-G892U,三星,GALAXY S8
Student_Tablet,,
SM-N950U,三星,GALAXY Note 8
HUAWEI G630-U00,,
HUAWEI G6-U00,,
HTC 802d,,
HUAWEI G730-T00,,
BLA-L09,,
ChanghongS09,,
SM-G7108,三星,GALAXY Grand 2
ZOL,,
R831T,,
YCT11,,
Z9MINI,,
I7+,,
KOPO_A1,,
DIMR11,,
TCL 302U,,
N111,,
BF_T13L,,
SM-T378L,三星,GALAXY Tab E 8.0
sm6150,,
SM-A720S,三星,GALAXY A7
SCH-I739,,
SM-G920P,三星,GALAXY S6
SCH-I545,,
Hisense E100T,,
OPSSON D9,,
HTC D820us,,
COMIO M7000,,
ChanghongX5,,
ASUS_T001,,
1703-M01,,
P98 3G八核(A4HY),,
HUAWEI G629-UL00,,
BF_A500,,
Lenovo A355e,,
K600,,
GT-I9208,,
V9-X,,
D51732,,
GIONEE F109N,,
SNE-LX1,,
H101  KT-101-B,,
AGM X1,,
Note4X,,
SUGAR S20,SUGAR,S20
JK01-TT,,
Best sonny LT566,,
SM-T815C,三星,GALAXY Tab S2 
SM-G965N,三星,GALAXY S9+
E6,,
MIYU R11S,,
Z103,,
KT96-Pad,,
SM-N900S,三星,GALAXY Note 3
R7,,
PAR-TL20,,
samsung,,
SUGAR C7,SUGAR,C7
LGT32,,
KINGSUN-F8,,
X22,,
n31acl_37t,,
F7,,
AGM X3,,
Coolpad 8732,,
Bird L6,,
20160312W,,
ZTE G717C,,
Lenovo 2 A8-50LC,,
GN180,,
ZTE Q7-C,,
Lenovo A750e,,
X800 ,,
Lenovo A3300-HV,,
LG-M210,,
Lenovo TB-X704N,,
Lenovo A860e,,
KONKA 610,,
K01F,,
HTC U11,,
C6602,,
A107,,
HUAWEI P6 S-U06,,
SINTAVE S1000,,
vivo X5M L,vivo,X5M L
S17,,
Coolpad 8670,,
HTC 919d,,
OYSIN MX6,,
A12,,
lephone T5,,
DOOV C70,,
SM-G901F,三星,GALAXY S5 Plus
Meitu M4s,,
SM-G920W8,三星,GALAXY S6
SM-G5309W,三星,GALAXY Grand Prime
Lenovo A6800,,
BenWee L7,,
WNH V2,,
F160S,,
TETC-F5,,
K019,,
SM-G950U,三星,GALAXY S8
VK 7 Plus,,
GRA-M0,,
A5,,
SM-T705C,三星,GALAXY Tab S
SHOWN_P1,,
DOOV L3C,,
CMR-W19,,
E3 ,,
VOTO GT2017,,
K10,,
P5,,
A29,,
HUAWEI CUN-L33,,
M688C,,
QMobile Z8 Plus,,
C687,,
H8324,,
Skyhon X9,,
SUNGTEL S9,,
M-17,,
X900 ,,
Neolix 1,,
PROTRULY D8,,
SCH-I779,,
GM-Q7,,
X6,,
koobee S600,,
Coolpad 7320,,
SM-J730F,三星,GALAXY J7
HUAMIN H6,,
D1,,
Lovme-T11,,
Pixel,,
T-smart L808,,
koobee S9Q,,
SHV-E310L,,
SM-T310,三星,GALAXY Tab 3 8.0
SM-J250F,三星,GALAXY J2 Pro
Coolpad9976A,,
GIONEE GN5006L,,
Hisense E602T,,
SM-G960N,三星,GALAXY S9
W8,,
QT-9.6,,
SM-A530F,三星,GALAXY A8
MT917,,
MTK6592,,
HUAWEI eH880,,
X7 Plus,,
M9_E,,
HTC 606w,,
ZTE Q505T,,
X30,,
BDS2 Plus,,
Coolpad 7296,,
Lenovo A368t,,
KT971-T97,,
ECETD ET900,,
BF M10,,
H9,,
ASUS_Z016D,,
SUBOR 2017-02,,
SHV-E210K,,
HTC_U-3u,,
SOP-S10,,
Hisense E77MINI,,
4A,,
SM-W2015,三星,W2015
FRD,,
Le X526,乐视,2
E2,,
F100SD,,
X9 mini,,
HONOR H30-L02,,
Lenovo S720,,
CMR-AL19,,
KINGSUN-EF36,,
F3216,,
MI-ONE Plus,小米,MI-ONE PLUS
K88,,
IdeaTabA1010-T,,
GN9000,,
Best sonny LT511,,
SM-G965F,三星,GALAXY S9 Plus
Pioneer M1,,
ifive mini 5,,
SM-J600G,三星,GALAXY J6
JSN-L22,,
HUAWEI P6-C00,,
PCT,,
MediaPad 10 LINK,,
G8141,,
Hisense E9,,
ELE-AL00,,
koobee M7Q,,
K-Touch X21,,
C1905,,
UG905,,
ZXH-Q787,,
CONSTELLATION X,,
DX6,,
STV100-3,,
Lenovo A805e,,
LEX820,,
Lenovo YT3-X50F,,
304SH,,
Haipainoble S6,,
CMCC-M860,,
OUKI P3,,
Ben13,,
X8 Plus,,
WP_V5,,
Y685Q,,
XT1710-11,,
HM-I505-TL,,
GT-I9070,,
KT107H,,
G3311,,
FDR-A01w,,
HUAWEI G716-L070,,
OPSSON V10,,
ANE-LX3,,
NOAIN_M15,,
HTC6525LVW,,
HLTE210M,,
BIOJUET V8,,
VIMX PRIVMA X8+,,
Z999,,
KT101-A,,
Y09,,
KOOMII-K8,,
R9s,,
bbk6750_66_m,,
DOOV A15s,,
YUSUN A8,,
HTC D820ts,,
FS8015,,
P00A,,
vivo Y13T,vivo,Y13T
SM-T3777,三星,GALAXY Tab E
T10,,
GOME 2016M25A,,
SM-J415GN,三星,GALAXY J4 Plus
EBEN 81002,,
6S,,
XXXX,,
SM-G532G,三星,GALAXY J2 Prime
MSM8974,,
HUAWEI G660-L075,,
BLL-L22,,
G3116,,
Coolpad 5892,,
Z970,,
SM-N920L,三星,GALAXY Note 5
HANMAC Q8,,
Lenovo TB-8704N,,
E5353,,
ALE-L21,,
NOAIN X9 Pro,,
CPH1859,,
POL-T0,,
Philips X818,,
XS,,
P23(Z9),,
YUSUN A9,,
GT-N7105,,
msmnile,,
STF,,
G3426,,
LA-X6,,
S-4G02,,
CM810,,
6S plus,,
Lenovo YT-X703L,,
M5L,,
Lenovo TB-8703F,,
MI 6 ,小米,6
V21,,
ZTE GEEK II 4G,,
Coolpad 8675_S01,,
SM-N920S,三星,GALAXY Note 5
20161212,,
CMCC M762,,
LA-S35,,
WISE-WLBM207-TFANBTR,,
Nokia_XL_4G,诺基亚,XL
SM-G965U1,三星,GALAXY S9+
BAH2-AL10,,
RNE-L21,,
SM-A710K,三星,GALAXY A7
SM-A500G,三星,GALAXY A5
AF101_HCB,,
SM-T719C,三星,GALAXY Tab S2
AGM X2,,
W-P611-EEA,,
SM-A500H,三星,GALAXY A5
SM-G973F,三星,GALAXY S10
Hisense K1,,
V919 4G Air Core8,,
ZTE BV0850,,
NX907J,,
Lovme-T23,,
K015,,
NOAIN X9,,
Samsung T800,,
INE-LX1,,
3005,,
X620 Pro,,
Y13,,
CPH1803,,
LG-V507L,,
ASUS_X00ID,,
ASUS_Z012DA,,
YLT X9-S8,,
X6i,,
Lenovo TB-8703R,,
EBEN T6,,
S5517,,
CN-H5,,
SM-N950F,三星,GALAXY Note 8
ZTE A0620,,
C03,,
aikayun,,
XD,,
Laaboo V12,,
aPhone,,
AR5,,
HTC D830u,,
Moto Z3 Play,,
SHV-E250S,,
GM,,
Lenovo X3c50,,
SCL22,,
T600,,
Skyhon X8,,
SM-G3139D,三星,GALAXY Ace 4
Lenovo P780,,
ASUS_T00F,,
TA-1012,,
LGLS992,,
0,,
Y62,,
MT,,
SHOWN P2,,
FITU,,
R830S,,
N919,,
Lingwin 6 2G,,
Lenovo A808t-i,,
5860A,,
天狼星,,
HTC 10,,
CM3,,
HTC 2Q55300,,
SM-G950W,三星,GALAXY S8
F-FOOK F8,,
SM-A520F,三星,GALAXY A5
Xiaomi Redmi 3S,小米,红米3S
16s,,
Coolpad A8,,
SOV31,,
lephone P1,,
V973,,
bee X9,,
M199,,
ZH1,,
U5482,,
Sun005,,
HYF,,
360,,
HL9916004,,
Lenovo X3c70,,
F103L,,
ZTE BA620,,
S10 PRO,,
ZTE Q7,,
EP720D,,
BND-L21,,
UNC-A2,,
P12,,
vivo X5Max F,vivo,X5Max F
INE-LX2r,,
HLA NOTE1-L,,
TAB A10-80HC,,
boway T6,,
1100,,
Lovme-T19,,
SM-G7109,三星,GALAXY Grand 2
F-03G,,
Bird M7,,
C313,,
D3,,
M1L,,
SM-G925S,三星,GALAXY S6 Edge
X9Plus,,
L1,,
Hisense C1T,,
YOGA Tablet 2-830LC,,
GT-I9168,,
ipad,,
K-Touch K5,,
V3MAX_L8,,
HOSIN T80,,
VPad A108,,
ST327 V2.0,,
LG-H961AN,,
m1971,,
Phone,,
V1832A,,
SINTAVE S1,,
HTC_M10h,,
H6S,,
SINTAVE S1000 PLUS,,
Ben16,,
HILARY H2,,
SM-N900W8,三星,GALAXY Note 3
XT1929-15,,
100C,,
SM-G925L,三星,GALAXY S6 Edge
Alcatel_5056O,,
xiaolajiao S2,,
SM-J710F,三星,GALAXY J7
STV100-4,,
XT1635-01,,
HDN-L09,,
SQ51,,
GM2017D07A,,
DOOV A15,,
S60,,
P888A,,
UOOGOU T11,,
L35h,,
IdeaTabA2207A-H,,
T1006S,,
BBF100-4,,
LA-S7,,
SGP771,,
SM-N960F,三星,GALAXY Note 9
ASR8751C,,
Xiaomi Redmi 3X,小米,红米3X
BM002-G5,,
GRACE,,
MX9,,
BZT-W09,,
SAGA_X5,,
Coolpad 5367C,,
CPH1707,,
Coolpad 8297-W01,,
I7_Plus,,
Lenovo S90-e,,
HLJ,,
Le X620 Pro,乐视,2 Pro
IdeaTab S6000-H,,
HHT6A,,
S3 Pro,,
SM-G610F,三星,GALAXY J7 Prime
20150718,,
SCH-I869,,
DOOV V33,,
Lenovo S850,,
emma-m7-A5,,
TCL M2U,,
Namo X9008,,
HP Slate 7 3G,,
R15,,
ROTISS,,
4G-4G,,
C1330,,
koobee S302M,,
IUNI i1,,
HUAWEI SCL-U31,,
SM-G925I,三星,GALAXY S6 Edge
InFocus M550 3D,,
MT7,,
R7sf,,
LG-M700,,
ChanghongS16,,
MD6-小麦,,
UOOGOU T7,,
TG-L900S,,
MI PAD 2,小米,PAD 2
HTC Desire 728 dual sim,,
么么时光,,
HLGM-ABT,,
Mi 4i,小米,4i
BAH2-W09,,
M356,,
V5+,,
N10,,
SM-J600L,三星,GALAXY J6
L39h,,
Neolix 1-C-P,,
DOOV V1,,
6000CEO,,
KONKA D6S,,
X620,,
SM-G3556D,三星,GALAXY Core 2
MOMO7 PLUS,,
HLTE311T,,
SGH-N075T,,
Q21,,
Lenovo L78031,,
Bird L7Plus,,
FRD-L19,,
Readboy_G100,,
T3582,,
A100,,
vivl v17,,
A18,,
LM-Q815S,,
GOME 2017D63A,,
SCH-I699,,
TRT-LX2,,
Lenovo S820,,
LG-P990,,
8227L_demo,,
A10,,
trinket for arm64,,
PT8676-M01,,
BROR T60,,
SM-N920C,三星,GALAXY Note 5
UOOGOU T6,,
HTC_X9u,,
BAH-L09,,
HTC U11 plus,,
X25,,
M5000,,
LG-H990,,
Philips X598,,
Coolpad 5952,,
HUAWEI G6-C00,,
M355,,
ZTE A2017G,,
ASUS_P00J,,
Z380,,
TCL S720,,
HLTE700T,,
CPH1721,,
ASUS_X00KD,,
HUAWEI C8812,,
SM-G610L,三星,GALAXY On7
SM-J510GN,三星,GALAXY J5
SM-J500F,三星,GALAXY J5
M570C,,
M20,,
HYF-F1,,
MediaPad M1 8.0,,
HTC One_M8 dual sim,,
SM-T320,三星,GALAXY Tab Pro 8.4
G21,,
YOORD P8,,
XBS,,
SM-G5528,三星,GALAXY On5
NG3,,
HTC_D10i,,
W2017,,
CM820,,
L-007,,
HS-EG978,,
LG-D858,,
7X,,
V15(R17),,
AX9,,
M8000,,
Infinix_X521,,
SM-G3588V,三星,GALAXY Core Lite
8S,,
HUAWEI A199,,
Q3,,
rk3399-mid,,
SM-T230,三星,GALAXY Tab 4
HUAWEI CRR-CL20,,
LGM-G600K,,
LG-K220,,
HW-HUAWEI TAG-CL00,,
Lenovo A7000-a,,
Y11,,
SM-J500G,三星,GALAXY J5
P10,,
HUAWEI G700-U00,,
XL39h,,
H3,,
weiimi V1,,
LNV-Lenovo A630e,,
LENNY2,,
SUNELAN-X5S,,
T10(E3C6),,
Q1-M5,,
Hisense E621T,,
SAMSUNG-SM-G928A,三星,GALAXY S6 Edge Plus
SM-G160N,三星,GALAXY Floder 2
GT-S7562i,,
ivvi F1,,
SS129,,
MAX3(X23),,
LEX623,,
SOAP R11 lite,,
lPHONE8,,
Lenovo S810t,,
G0111,,
M100,,
LenovoA588t,,
LG-D858HK,,
SBM203SH,,
Best sonny LT680,,
Power_5,,
M963,,
HM NOTE 1LTEW,,
MI-ONE C1,小米,MI-ONE C1
SUGAR F7 mini,SUGAR,F7 mini
N400,,
P80 3G八核(A5LL),,
SM-T550,三星,GALAXY Tab A 9.7
D5303,,
JKL A165,,
F9,,
yeechui S,,
KnowBest N8,,
E6T,,
DZH-AL00,,
vivo Y15S,vivo,Y15S
Best sonny_L81,,
Lovme-T26,,
HL3001,,
NOAIN MATE10 Pro,,
LG-D802,,
UNNO E5,,
MiBOX2,小米,MIBOX2
KT10-PAD,,
GT-I8262D,,
HTC M8t,,
M3L,,
Coolpad 8702D,,
UnisCom-4G,,
AUX T5100L,,
SM-C9008,三星,GALAXY C9 Pro
WAS-LX1A,,
V188,,
P910,,
LG-F600L,,
Lenovo A850 ,,
HUAWEI Y541-U02,,
Q8910,,
A30,,
E910 HLB,,
WP-S,,
PioneerW8,,
MI PAD 3,小米,PAD 3
N958St,,
8720,,
HTC 9088,,
STARXTREM II,,
Readboy_G550A,,
Coolpad 5263,,
K-Touch Tou ch 2,,
Letv X620,乐视,2
EVA-L19,,
TD137,,
SM-G3559,三星,GALAXY Core 2
T93,,
ASUS_Z01QD,,
Lenovo K320t,,
HUAWEI VNS-L31,,
Lovme-T21,,
SOP-M3,,
K3,,
Le X507,乐视,1S
GT-I9105P,,
SM-G928C,三星,GALAXY S6 Edge Plus
Lovme-T12,,
OPPOA33,OPPO,A33
R7plusf,,
1841-C0,,
Coolpad 7296S,,
Best sonny LT529,,
InFocus M680,,
GT-I9260,,
MZT-005,,
CPH1717,,
G2,,
E910S,,
HUAWEI G520-T10,,
Newpad,,
JKL_A300,,
GEM-703LT,,
lephone T6 V,,
F3plus,,
ViVK X20,,
Lenovo S930,,
R11sPlus,,
T8+,,
SS119,,
SHV-E250L,,
KT961,,
LG-H860,,
Lenovo A830,,
M11S+,,
R815W,,
Coolpad 5950,,
Note5,,
A9,,
VM R9,,
Hisense M10-M,,
SHOWN P6,,
SM-T350,三星,GALAXY Tab A 8.0
AUX T6200L,,
LEX550,,
E910(Plus),,
G610-U00,,
HTC S720e,,
POL-A0,,
ZTE N928Dt,,
LC709,,
XT1092,,
KOOMII-W1,,
VKY-L09,,
SHOWN_P1 ,,
LA-A1,,
HLA NX,,
V6,,
E5553,,
HD1,,
PCEM00,,
H9493,,
NX527J_V1,,
SPL-T01,,
Coolpad 8105,,
UOOUOG,,
Che2-TL00H,,
ASUS_Z01BDA,,
CPH1715,,
HTC M8Et,,
R833T,,
WS-HLXS1,,
LNV-Lenovo A385e,,
PCET00,,
T91,,
NOAIN-M11,,
HTC 802t 16GB,,
Lenovo L78032,,
JKM-AL10,,
ATU-L42,,
P1S,,
SM-G928T,三星,GALAXY S6 Edge Plus
Redmi Note 5A Prime,小米,红米Note 5A Prime
SM-G900A,三星,GALAXY S5
PGN518,,
M612Q,,
WS-HLS20,,
GN706L,,
Kindle Fire HDX,,
艾电尼S105,,
Laaboo V15,,
Lenovo S920,,
Coolpad A9S-9,,
SHV-E250K,,
SM-G900,三星,GALAXY S5
MOMO-mini,,
hexing82_wet_jb5,,
iPlus1S,,
HTC D610t,,
detel,,
YLT X6-小R9,,
LG-H870,,
GT-I9082,,
OUKI_P2,,
SM-T817T,三星,GALAXY Tab S2
U5582,,
ChanghongV70t,,
HLJ-XM-E,,
RNE,,
Lenovo S890,,
P98 4G(A8H9),,
M103,,
ANE-LX2J,,
T-Hub2,,
SM-G7105,三星,GALAXY Grand 2
HUAWEI NMO-L31,,
LG-F200K,,
ALP-L09,,
K-T107H,,
C901,,
Lenovo TB2-X30M_PRC_YZ_A,,
P520L,,
Bird L905,,
HUAWEI G620-L72,,
US688,,
D5287CT,,
A99A02,,
K101-A,,
u8800,,
SM-T805,三星,GALAXY Tab S
BF_A503,,
U81-DR,,
Lenovo S880i,,
STV100-1,,
PROTRULY D7,,
ZJ108-X7,,
Lenovo A688t,,
K6_01_JH,,
KOPO L168,,
NIX,,
X10,,
F3116,,
E2363,,
LEX557,,
MI6 Plus,小米,6 PLUS
GT-I8190N,,
A51f,,
HTC 2PZS1,,
HS-U970,,
PCT-L29,,
A57-DONGLI,,
SM-G3818,三星,GALAXY Win Pro
SUGAR C6,SUGAR,C6
EVA-CL00,,
SM-T215,三星,GALAXY Tab 3 7.0
P318L,,
V10 4G,,
EBEN M2,,
SM-C9150,三星,GALAXY C10
BYD Qin,,
DOOV A55,,
OWWO 4S,,
SUGAR Y15,SUGAR,Y15
Onefive P5,,
Lenovo PB1-750P,,
ZYVM3,,
T90,,
M19,,
rkpx3,,
MT6755,,
WAS-LX3,,
HTC One XL,,
Lenovo A678t,,
LG-F460L,,
NOAIN D03,,
HDN-W09,,
DAQ Q5321,,
HUAWEI VNS-L21,,
C11,,
Nexus 11,,
GIONEE S11S,,
SM-G885S,三星,GALAXY A8 Star
NOVA,,
KT-101-D      (KT108),,
HD18,,
lephone W6,,
HUAWEI MT7-L09,,
E12,,
VOG-L09,,
Lenovo TAB S8-50F,,
SC-02F,,
SM-N920I,三星,GALAXY Note 5
Y60,,
W100,,
SOP-N2,,
HTC Flyer P510e,,
M-16,,
S55t,,
W900,,
G708_Oc,,
BOWAY L1,,
DUK-L09,,
NEXT,,
SM-G928S,三星,GALAXY S6 Edge
GIONEE M7Plus,,
Hisense E77M,,
Coolpad 8730L,,
STARADDICT 6,,
BZA-L00,,
NOAIN K1,,
X23S,,
X10.JS,,
DATANG T92,,
M102,,
GO T7,,
XT1942-1,,
SCH-I679,,
WELAI F1,,
koobee S500Q,,
GT-P5110,,
YT866-10,,
SAGA M6,,
SM-G3819D,三星,GALAXY Win Pro
ASUS_Z012D,,
RedMi6 Pro,小米,红米6 Pro
Lenovo A890e,,
CAL5001,,
M9,,
CPH1605,,
UOOGOU T8,,
BOWAY U6,,
LG-F520L,,
Bird L9,,
Onefive M1,,
HHT6D,,
Lenovo TB3-X70N,,
Hisense E71-M,,
OUJIA 2018-S10MAX,,
VIDO-M9i,,
LG-V500,,
lephone W2,,
SM-A710S,三星,GALAXY A7
Onefive S8,,
M531,,
SOP-N7,,
MBI i7,,
NOAIN X7,,
C311,,
N888,,
HTC D816d,,
SHV-E300K,,
D2302,,
Coolpad 9190_T00,,
TW168,,
S110,,
DESAY D18,,
MT2L03,,
D2,,
MUTUCU  M8,,
ChanghongS18,,
jimei,,
SUBOR_R10++,,
ASUS_Z01FD,,
nx16afcl,,
G8232,,
2018,,
LG-H872,,
HBS,,
Ai X5,,
LG-V400,,
HUAWEI G6-T00,,
CPH1823,,
ChanghongA600,,
Lenovo Z2w,,
GM-T9 ,,
IM-A860S,,
SM705,,
Nokia 8 Sirocco,诺基亚,8 Sirocco
M95,,
F8909,,
EVR-L29,,
TCL V760,,
MI9 SE BROWN EDITION,小米,9 SE
SM-T235,三星,GALAXY Tab 4 7.0
Venue 7 3730,,
Onefive T2,,
I7PC,,
MRD-TL00,,
T500,,
Lenovo A318t,,
Amazon Tate,,
M535,,
Mate 10,,
V23,,
KT10,,
WAS-LX2J,,
20181225,,
Lenovo A5500-HV,,
Lenovo S856,,
motorola one power,,
P52,,
ET 600,,
ViVK X20S,,
ZTE A2016,,
SPH-L720T,,
MIYU 8X Plus,,
EWG XS Max,,
CPN-L09,,
koobee S103,,
G808 3G Oc,,
angelcare Q5,,
OUJIA S20,,
FYT6025,,
S156,,
Lenovo K900,,
KING 7,,
SM-J510FN,三星,GALAXY J5
TCL P301M,,
YD206,,
Q999,,
ZTE G720C,,
UOOGOU_T3,,
Lenovo K30-TM,,
E910 Plus,,
OX2,,
HS-X8T,,
R2010,,
SM-J727S,三星,GALAXY Wide 2
3000,,
GOME 2016G68A,,
LG-H930,,
LA6-L,,
EzzU E9,,
COMIO A10,,
s9863a3h10_go_32b_Natv,,
SUGAR C21,SYGAR,C21
MIWANG M2,,
InFocus M530,,
V5,,
HONOR H30-L01M,,
SM-A920N,三星,GALAXY A9
ASUS_Z00AD,,
DS2016,,
CAM-L32,,
Lenovo B6000-H,,
SM-P605,三星,GALAXY Note 10.1
HS-E968,,
G4,,
LG-F200L,,
H80,,
SM-A505F,三星,GALAXY A50
vernee_M5,,
S8+,,
HDTGXSW,,
A25S,,
S6000,,
SCH-i809,,
GT-N5120,,
N2,,
MI 9 ROY,小米,9 ROY
ZUG_5S_Q,,
LGM-V300K,,
GT-P3100,,
N5110,,
XT1077,,
TETC-F7,,
lephone C7,,
BBA100-2,,
TAG-TL00,,
Hisense E625T,,
Best_sonny_LT556,,
TCL-P306C,,
88 Tauri,,
TECNO CF7,,
YUEQEE-W012,,
SM-A920F,三星,GALAXY A9
V33,,
W180,,
LG-D958,,
Coolpad K1-NT,,
Z2 Plus,,
XT885,,
ASUS_X018D,,
WISE-BM206-TFANBTR,,
N4,,
A200,,
Philips S616,,
Haier HL-6380T,,
ASUS_X00DDA,,
FS8002,,
GOLY X7,,
HUAWEI C8815,,
Z97-W,,
Readboy_G50,,
lephone T6 ,,
SM-G3558,三星,GALAXY Core 2
SM-J100F,三星,GALAXY J1
HM 1SLTETD,,
1873-A0,,
V100,,
ax6753_66_sh_n,,
K-Touch X15,,
Lenovo A889,,
evb3561sv_t_63_m0,,
T11,,
8085,,
D2533,,
LG-H962,,
F6,,
SM-C710F,三星,GALAXY J7 Plus
TCL-P688L,,
SHV42,,
Q10,,
C880,,
HTC One M9PLUS,,
T5511,,
MOLOO_M6,,
MSM8976,,
LA-V11,,
SM-A520S,三星,GALAXY A5
Philips S310X,,
Xshitou P7,,
E9003-4G+,,
Lenovo A936,,
V8S,,
SM-A600N,三星,GALAXY A6
T805C,,
CYM1-C3,,
TUOTIAN5,,
HTC_One_max,,
Lenovo S8-50LC,,
P7,,
QUY Q1s,,
K-Touch T87+,,
Bird L600,,
HTC E9t,,
SP9832A,,
T961,,
D6603,,
EBEN 80001,,
CM CM1,,
HTC_D820f,,
TW18,,
SM-A310F,三星,GALAXY A3
lephone T23,,
Lenovo A3600-d,,
Ramos,,
TETC-F6,,
TA-1032,,
ZTE S2002,,
Y23,,
SM-T110,三星,GALAXY Tab 3 Lite
GT-S7568,,
AOSP on fp365B,,
YOGA Tablet 2-830F,,
BLN-L21,,
HUAWEI G730-U00,,
ivvi F2C,,
HOTMIAO-I15,,
SM-A910F,三星,GALAXY A9 Pro
M6 MINI,,
SM-T211,三星,GALAXY Tab 3 7.0
KONKA R8,,
GT-I8530,,
S 1,,
HLTE100M,,
BOWAY A5 Pro,,
laaboo V5,,
20160103,,
MAX,,
HL2001,,
LA2-L,,
X12,,
MZ85,,
SM-G925K,三星,GALAXY S6 Edge
S-2015,,
L55u,,
ME860,,
A28,,
nubia,,
POT-LX2J,,
Student Tablet,,
BLL-L21,,
Coolpad 8017-T00,,
D10S,,
ChanghongS01,,
P100,,
MI 4,小米,4
UPAD_3_Plus,,
ZUG 5S Q,,
H101,,
SM-G3502C,三星,GALAXY Trend 3
SM-J701M,三星,GALAXY J7
R815T,,
PRO7Plus,,
D600,,
SINTAVE S2,,
BBB100-5,,
ysl,,
U PULSE LITE,,
AT100,,
A101,,
HOPE-M8,,
LG-H873,,
L39t,,
BLA-A09,,
V15-X,,
NUOFEI F6,,
SGP321,,
GF-2,,
MediaPad 10 Link+,,
NOAIN F2016,,
Moto G (5) Plus,,
Coolpad 8297-C00,,
Galaxy Series 6S,,
ET 100,,
Ant one,,
GN9005,,
MIWANG M2s,,
Compaq 7,,
Lenovo TAB 2 A10-70F,,
Coolpad 8029,,
BF_T20,,
CPH1969,,
A910(电信),,
MiBOX1S,小米,MIBOX1S
YUEQEE-Q3,,
SM-G930S,三星,GALAXY S7
KOOMII-K9,,
SM-N916L,三星,GALAXY Note 4 S-LTE
LM-G710,,
HTC_M8x,,
AGM H1,,
Mi A1,小米,A1
ASUS_Z00LD,,
NF,,
MON-AL19B,,
HTC 8060,,
SM-P350,三星,GALAXY Tab A
HUAWEI Y300C,,
SM-G800F,三星,GALAXY S5 Mini
Coolpad 7605,,
UNC-A1,,
Q03Note,,
Onefive C5,,
Coolpad7295,,
MAX3,,
Coolpad 9970,,
TCL P728M,,
Lingwin 6,,
DRA-LX5,,
X10.RK3126,,
VPad A107,,
lephone T9+,,
SGP541,,
TETC-F7 Plus,,
S11,,
Lenovo A628t,,
R17S,,
E601M,,
BTEA,,
GO T2,,
F5180,,
8676_M01,,
C108,,
E Jia Qin,,
GT-S7562,,
SM-G3502U,三星,GALAXY Trend 3
G78,,
BIRD L108,,
SM-A730F,三星,GALAXY A8
X18-A,,
U680D,,
X18,,
JKM-LX2,,
GT-I9228,,
SM-G955U1,三星,GALAXY A8+
KINGSUN-F22,,
T950,,
Coolpad 8707,,
KT-101,,
SM-G3586V,三星,GALAXY Core Lite
SM-J5007,三星,GALAXY J5
ivvi V3-T,,
ASUS_X00GD,,
U100   HY,,
KT101-B,,
SCH-I879,,
ZTE G718C,,
V1900,,
LG-F340L,,
U28,,
GO 55303,,
XT1033,,
SM-G925T,三星,GALAXY S6 Edge
4G_volte,,
M4 MINI,,
lingying A8,,
SM-G920K,三星,GALAXY S6
GT-P6200,,
HJX,,
A8,,
SHW-M500W,,
VOTO GT2++,,
KINGTOWN,,
R8109,,
A10H(D5W7),,
DIM M6,,
XM-T,,
Redmi Note 6 Pro,小米,红米Note 6 Pro
HY-002,,
LM-X510K,,
E70,,
BF_K11,,
610,,
R18,,
SM-E700H,三星,GALAXY E7
SM-A605G,三星,GALAXY A6 Plus
KONKA 907,,
GT-I9305,,
NJ_215,,
Lenovo A766,,
X2 SE,,
ChanghongS09X,,
Kurio10S,,
U9180,,
DM98,,
ZTE G719C,,
Laaboo V11,,
SM701,,
ZTE B2016,,
NOAIN X3,,
HMI_A5,,
X506-3G,,
WP_V1,,
SM-T210,三星,GALAXY Tab 3 7.0
CPH1723,,
HTC U12+,,
M20 4G(M3K4),,
Hol-U10,,
SGP312,,
OUKI P7,,
SM-T380C,三星,GALAXY Tab A
VOGA V1,,
DIM 8S,,
L823,,
D6633,,
V973 Core4,,
FRD-TL00,,
SM-T813,三星,GALAXY Tab S2
ZE620KL,,
HY H1,,
Hisense C1,,
ET 500,,
HUAWEI C8813D,,
VOTO GT18,,
XD8166,,
Lenovo A7600,,
98(M1E5),,
SM-T385C,三星,GALAXY Tab A
Q1,,
LM-Q710(FGN),,
BF K12,,
M503,,
404SC,,
SM-J330G,三星,GALAXY J3 Pro
ST18i,,
SOP-N10,,
7plus,,
KONKA L550,,
GT-N8020,,
l9155,,
K-Touch 8848,,
NOAIN-M8,,
Coolpad 8122,,
LG-F520K,,
E960,,
HC7,,
G115,,
R811,,
UnisCom-3G,,
Coolpad7251,,
Coolpad 5891Q,,
JXD-T53,,
KT-101A,,
VIE-L09,,
SM-T285YD,三星,GALAXY Tab J 7.0
ThL W2,,
GT-I8190,,
ASUS_Z01KDA,,
Ramos R10,,
NOAIN X19,,
HUAGAN HT9,,
F960,,
T8(E8C1),,
ChanghongC01,,
aoson T7,,
C50,,
Coolpad 7295C_C00,,
K8,,
SM-G7102,三星,GALAXY Grand 2
BIHEE A8+,,
P9S,,
R813T,,
GT-I9308,,
OPPOU701,OPPO,U701
E910III,,
JKM-LX1,,
ONDA MID,,
HS-EG971,,
hi6250,,
PHILIPS S226M,,
Lenovo YT3-X50M,,
LGT31,,
U705T,,
NOAIN K6,,
XT912,,
Huawei HUAWEI G750-T00,,
MKTEL M8,,
Nokia_XL,诺基亚,XL
koobee S509,,
BOWAY L5,,
SM-G965W,三星,GALAXY S9 Plus
Best sonny Q10,,
WP V2,,
Q888,,
Philips X586,,
msm8909,,
GO 55013,,
SM-A750N,三星,GALAXY A7
E72,,
GOME 2017X82A,,
lephone T10A,,
lephone T708H,,
LG-M400,,
P01,,
W666,,
N1001,,
FLA-AL00,,
HUAWEI T8951,,
P1 M,,
MediaPad 10 FHD,,
A17,,
SMMX8H3G,,
LD-100,,
Bird L608,,
Anica i8,,
KX20,,
WP_V3,,
A59st,,
R7sm,,
M5+Note,,
ZTE U807,,
SCH-P729,,
SAMSUNG-SM-N910A,三星,GALAXY Note 4
T9000,,
SM-A710L,三星,GALAXY A7
A1 Q,,
DOOV S5,,
BLN-L24,,
SM-N910T2,三星,GALAXY Note 4
HTC,,
MAQIUBIQIU,,
LG-AS993,,
P00I,,
F160,,
HTC Wildfire S A510e,,
K-Touch E8,,
Y10,,
YK5001,,
SM-T807T,三星,GALAXY Tab S 10.5
MKTEL M9,,
SM-T531,三星,GALAXY Tab 4 10.1
GEM-702L,,
C2,,
X20(X9S),,
Y62 2G,,
E910Z,,
A2,,
SM-J510L,三星,GALAXY J5
IdeaTabA5000-E,,
JXD-T9003,,
Lenovo S898t,,
TCL P618L,,
SM-P600,三星,GALAXY Note 10.1
K-Touch K7,,
P306,,
HYF-GTX,,
SAMSUNG-SM-G891A,三星,GALAXY S7 Active
E910(华丽版),,
BF_T12,,
evb3561sv_w_65_3518,,
KT-101-D  (H101),,
P98(C6V8),,
BM003,,
soaiy,,
YOORD,,
ZEEMI M6,,
SM-J700K,三星,GALAXY J7
koobee S209,,
KYD-H50,,
T20(T2E1),,
Hisense I635T,,
VK X Plus,,
\u9ea6\u67f4,,
HUAWEI C8813Q,,
SM-T285,三星,GALAXY Tab A 7.0
SM-T835C,三星,GALAXY Tab S4
Bird L802,,
SUBOR S16,,
M35t,,
TECNO Camon CX,,
UG802,,
SM-G720AX,三星,GALAXY Grand Max
vivo S11t,vivo,S11t
H60-L21,,
W970,,
L001,,
MLA-AL10,,
xksoft-Z7,,
SCH-P709E,,
HS-V102,,
CPH1719,,
M9_,,
SO-02G,,
HTC D816h,,
MLLED V9,,
lephone W9 ,,
LMCV1,,
U1205,,
K-Touch K6,,
W13,,
C101,,
GM1911,,
ZTE N818,,
SM-G610S,三星,GALAXY On7
Lexiaobao7021,,
SM-T585N0,三星,GALAXY Tab A 10.1
Duxiu Lm 6S,,
PAN-AL00,,
1802-T0,,
JM4,,
Nokia 6.1,诺基亚,6.1
FS8032,,
Lenovo K8 Note,,
S9 plus,,
Lenovo B6000-F,,
A960,,
M578CE,,
HTC E9pt,,
HUAWEI RIO-L02,,
SM-T235Y,三星,GALAXY Tab 4 7.0 Lite
PHICOMM X130va,,
ST327E,,
P80 3G四核 (B4KC),,
DATANG S62L,,
Haipainoble S19,,
GT-I9003,,
AC82XX (core x4),,
SCH-I829,,
HTC_M9u,,
X909T,,
V,,
JN-1002,,
HLA Note3 Pro,,
LeBest L9,,
CBK,,
SM-A605FN,三星,GALAXY A6 Plus
G89-2,,
YLT-X6,,
SH800,,
E9005,,
RNE-L23,,
SM-G906K,三星,GALAXY S5 Lite
TECNO P904,,
JXD-T56,,
5G,,
Lenovo A2020a40,,
Nexus 7,,
HUAWEI Y336-U02,,
SOP-N1-4G,,
F-02F,,
9300-M9,,
BAC-L23,,
ivargo 2015,,
Transformer TF101,,
ZTE S158,,
NOAIN F3,,
HS-EG980,,
P80 4G(K2G6),,
DOOV S1,,
HUAWEI D2-2010,,
X98 Air 3G(C9J8),,
ASUS_X018DC,,
U63 PLUS A,,
Raphaelin,,
AE Q1,,
Readboy_G20,,
SDM630,,
SOYES 6S,,
OWWOQ7,,
SM-T330,三星,GALAXY Tab 4
X98 Plus II (C2E3),,
ASUS_Z01KD,,
Lm 6s,,
KFARWI,,
6Ｓ,,
XT531,,
HUAWEI VNS-CL00,,
G7-L01,,
VOTO VT868,,
CP8298_I00,,
AE G20,,
ZTE N5S,,
SM-G935V,三星,GALAXY S7 Edge
BKL-L09,,
G8341,,
vivo Y622,vivo,Y622
US818,,
Lenovo PB1-770P,,
SM-G928I,三星,GALAXY S6 Edge Plus
TCL P500M,,
M7,,
AE Q3,,
K800,,
Coolpad 8712S,,
HTC_X10u,,
E18,,
HTC D820mt,,
vivo Y13i,vivo,Y13i
UOOGOU F9,,
KT-960-J,,
LYA-L09,,
SM-G9098,三星,GALAXY S5
QHYC_C103,,
HTC Desire 820 dual sim,,
conquest-S6,,
TCL P502U,,
ivvi K5-T,,
Lenovo TB-7504N,,
98(M1E4),,
东瑞升-C208,,
A1001,,
lephone F5W,,
SM-G900K,三星,GALAXY S5
SM-J500N0,三星,GALAXY J5
Edward E1,,
K109,,
Y-100,,
Lingwin 9,,
Lenovo A3900,,
SCH-I939I,,
T6,,
M63,,
Lenovo K920,,
Lenovo TB-8804F,,
Goly X6,,
HUAWEI RIO-L01,,
COMIO M7000 ,,
SM-T116,三星,GALAXY Tab 4 Lite
HWV32,,
ACTOMA ACE,,
SM-P355,三星,GALAXY Tab A
L-1000,,
VOG-L29,,
Q6 Plus,,
XIAOMIGUO,,
G4-DL,,
H188,,
FWD-100Y,,
SM-G600S,三星,GALAXY Wide
9001D,,
i7S(YP7S),,
U2,,
VS995,,
HN6205506,,
SM-J400G,三星,GALAXY J4
Venue8 3840 HSPA+,,
BLA,,
LG-AS998,,
黄金斗士S8畅玩,,
LC-1021W,,
Lenovo A616,,
Lenovo A806,,
HW-HUAWEI TIT-CL00,,
NXT-TL00,,
Temsent V1,,
OYSIN X5,,
BF_T19,,
